ID,Subset,Orig_Mean,Orig_Std,Orig_Min,Orig_Max,Norm_Mean,Norm_Std,Norm_Min,Norm_Max
BraTS-MEN-RT-0002-1,r_train,1872.957328781425,505.7825456726916,0.0,6405.0,2.0053370047604065e-16,0.9999999999802287,-3.703088105291095,8.960456840402323
BraTS-MEN-RT-0003-1,r_train,214.4055911695668,81.70413439556087,0.37721893191337585,1480.9141845703125,-1.1208274559854734e-16,0.9999999998776072,-2.619553756915959,15.501156736011461
BraTS-MEN-RT-0004-1,r_train,199.0803774294375,84.60943801711521,1.2286726236343384,1489.833984375,1.7011029678723057e-17,0.9999999998818099,-2.338411759009635,15.255432928557076
BraTS-MEN-RT-0006-1,r_train,2319.2779131048283,662.6009539182616,1.0,10201.0,4.425320824967948e-17,0.9999999999849079,-3.4987542643287886,11.895126380618688
BraTS-MEN-RT-0007-1,r_train,31.103128743179095,9.709547489413362,0.0,141.0,7.781489269670208e-17,0.9999999989700857,-3.203355124948748,11.318433867640147
BraTS-MEN-RT-0009-1,r_train,334.98557282666917,93.91267516047893,2.0469675064086914,1146.91796875,3.078513392745694e-16,0.9999999998935181,-3.5451934972130195,8.64561034439107
BraTS-MEN-RT-0015-1,r_train,384.50224556407323,131.82996356493402,13.0,1803.0,3.347024538586637e-17,0.9999999999241446,-2.8180410241326213,10.760055726099267
BraTS-MEN-RT-0016-1,r_train,319.70361192157384,125.39400195729232,3.001296281814575,1329.75146484375,1.2476395537084125e-16,0.9999999999202515,-2.5256576125735877,8.054993357542225
BraTS-MEN-RT-0017-1,r_train,420.7060895312819,145.01205148701618,0.0,1430.0,-1.389241044512791e-16,0.99999999993104,-2.9011801790828295,6.960069180798298
BraTS-MEN-RT-0018-1,r_train,1846.0649567916507,595.9010981487041,0.0,7912.0,-3.490641329873009e-17,0.9999999999832185,-3.097938504385832,10.179432563476887
BraTS-MEN-RT-0023-1,r_train,94.52529502665652,31.158708493585586,0.0,544.0,-1.507047966915411e-16,0.9999999996790623,-3.03367179085035,14.425331682846233
BraTS-MEN-RT-0024-1,r_train,133.04492556744106,50.64372692344536,0.45888835191726685,769.8142700195312,2.707468951691138e-16,0.9999999998025422,-2.6180150088433427,12.57350876425259
BraTS-MEN-RT-0026-1,r_train,251.2589030660393,91.11220226628569,0.5307692289352417,1135.7108154296875,-1.6316012545398435e-16,0.9999999998902452,-2.7518611950219816,9.707282781747114
BraTS-MEN-RT-0029-1,r_train,727.3194625221829,223.8597429601972,0.0,2445.0,1.4070257832920224e-16,0.9999999999553291,-3.2489962369831367,7.673021127816155
BraTS-MEN-RT-0030-1,r_train,324.35436910367457,102.50401057653654,0.8842899203300476,1565.51025390625,1.2243933721806355e-16,0.9999999999024428,-3.155682176067274,12.108364128394367
BraTS-MEN-RT-0031-1,r_train,98.80856995346056,39.03079249227568,0.0,549.0,9.35116218211775e-17,0.999999999743792,-2.5315542836518,11.534263108295614
BraTS-MEN-RT-0033-1,r_train,1962.593193453679,622.2941807799386,2.0,7639.0,1.4761757495843289e-16,0.9999999999839303,-3.1505889882577836,9.121741744942407
BraTS-MEN-RT-0035-1,r_train,3836.989375828943,1158.7075461487923,3.0,12966.0,4.397100016790436e-17,0.9999999999913698,-3.3088499238128923,7.8786149744467044
BraTS-MEN-RT-0037-1,r_train,323.6495351405093,124.97590852790553,1.2778599262237549,1280.8974609375,2.0568179812008753e-16,0.9999999999199847,-2.579470547449626,7.6594596270260755
BraTS-MEN-RT-0044-1,r_train,663.009665161906,175.0229318676284,7.0,2690.0,-1.6189020981189049e-16,0.9999999999428645,-3.7481355050124026,11.581284309962962
BraTS-MEN-RT-0046-1,r_train,73.07266387958201,25.93991293267161,0.0,348.0,-2.246926153720421e-16,0.9999999996144936,-2.8169972675342403,10.598622159142165
BraTS-MEN-RT-0048-1,r_train,312.8546219354686,81.15198052774888,5.862781047821045,1231.8182373046875,2.530566677893136e-16,0.9999999998767745,-3.7829248140758116,11.323982597587392
BraTS-MEN-RT-0051-1,r_train,300.50210005951044,87.88226023971696,0.5679585933685303,1391.2420654296875,-1.5534569987495892e-17,0.9999999998862116,-3.4129088238500094,12.411378158354662
BraTS-MEN-RT-0052-1,r_train,28.708392798071923,7.788336350539474,0.0,105.0,2.0630284809366548e-16,0.9999999987160286,-3.686075108867458,9.795623053527645
BraTS-MEN-RT-0054-1,r_train,1857.1308091161548,563.198190900978,16.0,6783.0,7.910170353874747e-17,0.9999999999822443,-3.2690637839906933,8.746244697477115
BraTS-MEN-RT-0055-1,r_train,71.71595616070236,20.718873501601916,0.0,290.0,-1.4639991041135996e-16,0.9999999995173482,-3.461382981103856,10.535516987304616
BraTS-MEN-RT-0056-1,r_train,257.46330043547215,70.3257142999113,2.3389792442321777,945.3673706054688,-5.3903808361683814e-17,0.9999999998578046,-3.6277530017961617,9.781686214213789
BraTS-MEN-RT-0057-1,r_train,341.03824657232326,104.63288971878646,10.0,1356.0,-2.321069763030252e-16,0.9999999999044278,-3.16380678609174,9.700217169367175
BraTS-MEN-RT-0058-1,r_train,354.266513031953,100.28379926699924,0.0,1271.0,-2.7762653341462986e-16,0.9999999999002831,-3.532639524888906,9.141391666224058
BraTS-MEN-RT-0059-1,r_train,350.8830462960139,118.73071094069405,4.360858917236328,1783.729736328125,2.1275697571575976e-16,0.9999999999157758,-2.9185556508853026,12.068037650571613
BraTS-MEN-RT-0060-1,r_train,77.1275092412189,32.33305935632535,0.0,416.0,0.0,0.999999999690719,-2.3854070957957862,10.480681302670492
BraTS-MEN-RT-0062-1,r_train,564.4306669743273,171.08786188265364,12.0,2311.0,-3.8497375382580845e-17,0.9999999999415504,-3.228929632196474,10.208610439713892
BraTS-MEN-RT-0063-1,r_train,65.33423166506442,18.69819096503915,0.0,322.0,5.633326539618501e-17,0.9999999994651889,-3.4941472013138224,13.72677007511408
BraTS-MEN-RT-0064-1,r_train,2134.559932956097,669.6152837510826,0.0,9674.0,9.991767294160191e-17,0.999999999985066,-3.187740759091908,11.259360785041398
BraTS-MEN-RT-0065-1,r_train,1858.9072811198969,613.4152413922743,0.0,7649.0,1.659484245692129e-16,0.9999999999836979,-3.030422388707547,9.43910801049528
BraTS-MEN-RT-0066-1,r_train,190.18492855015302,75.89538076375636,0.0,1220.0,1.5442602672258167e-16,0.9999999998682398,-2.5058827903781533,13.56887680054889
BraTS-MEN-RT-0067-1,r_train,232.5173969293555,90.29640621718337,3.1256237030029297,1188.0615234375,-2.778926248268607e-17,0.9999999998892537,-2.5404308190207363,10.582305170640133
BraTS-MEN-RT-0069-1,r_train,345.3453562749646,127.69506031348172,2.0917022228240967,1654.8643798828125,-1.9077864285896745e-16,0.9999999999216885,-2.688073079589751,10.255048396473029
BraTS-MEN-RT-0070-1,r_train,1200.9798552743052,341.5213840459342,1.0,4061.0,2.4390815375243856e-16,0.9999999999707192,-3.5136302184749084,8.374351587475653
BraTS-MEN-RT-0071-1,r_train,1948.2737891088245,512.3343065690173,24.0,5402.0,-1.6961151150010232e-16,0.9999999999804814,-3.7558948608334974,6.741157417219546
BraTS-MEN-RT-0072-1,r_train,318.12798620983955,115.47130153517763,2.584383249282837,1721.94580078125,1.7793941760573797e-16,0.9999999999133985,-2.7326582340210455,12.157287531934271
BraTS-MEN-RT-0073-1,r_train,193.06287304769015,70.90135720613296,0.0,1225.0,0.0,0.9999999998589589,-2.722978524362584,14.554546872870045
BraTS-MEN-RT-0074-1,r_train,183.96126033537746,77.43061243371572,1.1638576984405518,1014.9462890625,6.735298375348281e-17,0.9999999998708522,-2.3607898332176087,10.731996073660985
BraTS-MEN-RT-0076-1,r_train,149.7471651745315,64.97682427359793,1.0084348917007446,1040.3165283203125,-4.505309873290853e-17,0.999999999846099,-2.289104337165595,13.70595397612541
BraTS-MEN-RT-0077-1,r_train,267.0091050698756,93.11259317230099,8.0,1269.0,3.663405128310392e-17,0.9999999998926031,-2.7816764222512123,10.761067441955689
BraTS-MEN-RT-0078-1,r_train,2041.7288477172374,608.3986222940836,1.0,7475.0,-5.947528469029191e-17,0.9999999999835635,-3.3542627693480562,8.9304461796877
BraTS-MEN-RT-0079-1,r_train,91.29722997268206,31.704318793298764,0.0,460.0,1.5926615758707794e-17,0.9999999996845854,-2.8796464777909936,11.629417818904697
BraTS-MEN-RT-0080-1,r_train,168.14545203007282,69.03067156657544,1.8520407676696777,1026.5203857421875,-2.0201471890460788e-16,0.9999999998551367,-2.4089786100072135,12.43468901732939
BraTS-MEN-RT-0081-1,r_train,78.35048453650826,36.430168669320366,0.0,453.0,-8.195584106808396e-17,0.9999999997255021,-2.150703314777239,10.284045587638524
BraTS-MEN-RT-0082-1,r_train,361.672802068037,126.05698338788218,9.0,1706.0,-9.936223698971303e-17,0.9999999999206708,-2.797725223638519,10.664440491081498
BraTS-MEN-RT-0084-1,r_train,75.73328864903434,26.155969136118863,0.0,351.0,1.7434496064316326e-16,0.999999999617678,-2.8954495329901384,10.524049398177661
BraTS-MEN-RT-0085-1,r_train,960.8076638326942,252.595472686577,21.0,3665.0,-2.2422567377767333e-16,0.999999999960411,-3.720603753502783,10.705624718047256
BraTS-MEN-RT-0088-1,r_train,197.10558887400032,82.04567235509724,2.7732150554656982,1221.30615234375,4.832824617913986e-17,0.9999999998781167,-2.3685877416394345,12.483297826022222
BraTS-MEN-RT-0089-1,r_train,2251.057023941913,713.7115180818711,3.0,9416.0,-2.0697326649711817e-16,0.9999999999859888,-3.1498118875146646,10.038990256474737
BraTS-MEN-RT-0091-1,r_train,211.77046640271644,68.67754641689078,0.0,1037.0,7.285488111965449e-17,0.9999999998543921,-3.083547351653749,12.016001976363034
BraTS-MEN-RT-0093-1,r_train,180.7834281097278,82.51561998152837,0.9248696565628052,1082.758056640625,-1.6177654718403929e-16,0.9999999998788109,-2.1796910508777674,10.930956207121758
BraTS-MEN-RT-0094-1,r_train,361.0969671149292,123.04840435300778,11.0,1533.0,1.3269797964842174e-16,0.9999999999187312,-2.845197131383358,9.523918972795569
BraTS-MEN-RT-0097-1,r_train,2063.370938021442,505.30954391978906,28.0,5998.0,8.974692372364852e-17,0.9999999999802102,-4.027968524386805,7.786571833531925
BraTS-MEN-RT-0099-1,r_train,701.1436455811211,239.26443922806513,2.0,2539.0,2.3442208832710467e-16,0.999999999958205,-2.9220541414659698,7.681276667236935
BraTS-MEN-RT-0101-1,r_train,389.20078369980763,111.81954150108199,1.0,1400.0,2.1828373902951231e-16,0.9999999999105702,-3.4716721107404527,9.039557868335708
BraTS-MEN-RT-0102-1,r_train,1859.0501710266615,458.0004728962649,24.0,4533.0,0.0,0.9999999999781659,-4.006655625008984,5.8383123755433175
BraTS-MEN-RT-0103-1,r_train,61.6649210738096,21.287609664257303,0.0,338.0,1.1406692879569335e-16,0.9999999995302432,-2.8967517733275523,12.98102901897704
BraTS-MEN-RT-0104-1,r_train,1423.334922221699,405.4745277357612,5.0,5352.0,8.290530646637156e-17,0.9999999999753375,-3.4979630659093255,9.689055190765608
BraTS-MEN-RT-0105-1,r_train,471.18200826852785,144.10962272333782,9.0,1883.0,3.905954112654324e-17,0.9999999999306084,-3.2071557714348815,9.796833583722005
BraTS-MEN-RT-0106-1,r_train,2118.0194653848152,807.6940323809841,2.0,10571.0,1.5804170663766993e-16,0.9999999999876191,-2.6198280295829943,10.465572600050251
BraTS-MEN-RT-0107-1,r_train,59.88070987261956,18.480498710521033,1.0,274.0,2.1142051131411212e-17,0.9999999994588888,-3.186099615766186,11.586228995520509
BraTS-MEN-RT-0110-1,r_train,974.223834417227,405.96547946676753,9.0,5401.0,-2.9097991459780775e-17,0.9999999999753674,-2.377600764629704,10.90431671995428
BraTS-MEN-RT-0112-1,r_train,171.94553544366173,65.98865763809579,0.413194864988327,862.450927734375,-4.999682271077965e-18,0.9999999998484588,-2.599421577772059,10.464001192038781
BraTS-MEN-RT-0113-1,r_train,96.13345515562216,31.78342965937807,0.0,407.0,2.0701607084518804e-16,0.9999999996853707,-3.0246407060419442,9.78077407246846
BraTS-MEN-RT-0114-1,r_train,321.372082838484,77.18087189742211,1.3591892719268799,946.8313598632812,1.1902322265521573e-16,0.9999999998704343,-4.146272070499673,8.103812014135201
BraTS-MEN-RT-0116-1,r_train,31.084344443530192,9.586858354697418,0.0,133.0,-1.3731341259756793e-16,0.9999999989569053,-3.242391121370372,10.630766793401612
BraTS-MEN-RT-0117-1,r_train,242.24384714607825,88.5332633474175,1.480116367340088,1408.771484375,1.396208686860273e-16,0.9999999998870481,-2.7194720001086066,13.17615089505438
BraTS-MEN-RT-0119-1,r_train,68.7616269107634,22.18048256275917,0.0,344.0,3.0878658553757287e-16,0.9999999995491531,-3.1000960725359774,12.409034482742452
BraTS-MEN-RT-0120-1,r_train,77.76250599720916,24.938189983474707,0.0,299.0,-6.577616742888615e-17,0.9999999995990084,-3.1182097023703963,8.871433494599229
BraTS-MEN-RT-0122-1,r_train,262.24447574939984,95.09283411015036,3.078315019607544,1569.4713134765625,1.446480372959837e-16,0.9999999998948396,-2.725401583912562,13.746849064099548
BraTS-MEN-RT-0124-1,r_train,176.65830035825957,64.51488952632337,0.6944444179534912,1061.3333740234375,-1.9072912067479638e-16,0.9999999998449971,-2.7274921681642867,13.712727093287286
BraTS-MEN-RT-0125-1,r_train,189.69476745724324,78.80462397520785,0.0,1209.0,3.850201937909272e-17,0.9999999998731041,-2.407152751504153,12.934586588904825
BraTS-MEN-RT-0126-1,r_train,69.87407665929804,24.413326363580072,0.0,341.0,6.745894161915115e-17,0.9999999995903875,-2.8621284781133007,11.105652674766699
BraTS-MEN-RT-0127-1,r_train,315.8689179368799,113.64166578496805,2.833111047744751,1677.063232421875,-3.063262298281119e-17,0.9999999999120042,-2.754586574381208,11.977951088299408
BraTS-MEN-RT-0128-1,r_train,383.4641525916672,145.64708908666972,4.61467170715332,1891.5843505859375,5.802680297395817e-17,0.9999999999313408,-2.601146945223613,10.354619562587288
BraTS-MEN-RT-0129-1,r_train,1005.527013588822,389.91192030927306,7.0,4211.0,7.651660253982153e-17,0.9999999999743532,-2.5609040441010222,8.221018182225432
BraTS-MEN-RT-0130-1,r_train,300.13196652970174,86.51899821197262,1.9563905000686646,1294.6380615234375,1.4861631631568745e-16,0.9999999998844185,-3.446359552899996,11.494655687554738
BraTS-MEN-RT-0131-1,r_train,202.2038930316591,78.58513736528066,2.0258562564849854,1206.4306640625,-1.1697917481860906e-16,0.9999999998727497,-2.5472760303164033,12.778838398349933
BraTS-MEN-RT-0132-1,r_train,86.41439314718937,33.31705444870746,0.0,435.0,-6.719500288734218e-17,0.9999999996998533,-2.5936984691815947,10.462677824200851
BraTS-MEN-RT-0134-1,r_train,226.3740494038204,78.79838418387307,3.42181134223938,1060.6990966796875,9.254007991761e-17,0.999999999873094,-2.8294011399147014,10.588098421195033
BraTS-MEN-RT-0136-1,r_train,375.16574974159477,98.57451036845008,0.36235207319259644,1521.685791015625,-1.963147113306447e-16,0.9999999998985538,-3.802234433926644,11.630999097761459
BraTS-MEN-RT-0137-1,r_train,292.18816608275716,86.31799986202516,11.0,1210.0,-1.4687142688528673e-17,0.9999999998841493,-3.2575843566770084,10.632913590189629
BraTS-MEN-RT-0140-1,r_train,261.454814695152,89.76755345926314,0.8177219033241272,1261.7392578125,1.5403416068641346e-16,0.9999999998886013,-2.9034665947654608,11.143051185636361
BraTS-MEN-RT-0141-1,r_train,1978.8929420170086,886.1205148772084,29.0,12266.0,5.809229082167475e-17,0.9999999999887149,-2.200482789031472,11.609151221707588
BraTS-MEN-RT-0142-1,r_train,358.8074425719376,102.37579904027865,13.0,1787.0,2.718814237553147e-16,0.9999999999023207,-3.377824112533717,13.950489966155484
BraTS-MEN-RT-0143-1,r_train,286.03368770904706,112.59890501897962,1.8874742984771729,1505.1583251953125,-9.02490995609087e-17,0.9999999999111893,-2.5235255470507383,10.827144697122044
BraTS-MEN-RT-0144-1,r_train,327.5541199470875,100.87733508310986,5.753609657287598,1501.80126953125,1.475307889443736e-16,0.9999999999008699,-3.1900179558944317,11.640346649723961
BraTS-MEN-RT-0146-1,r_train,26.32534592582918,7.469199728874116,0.0,111.0,-7.646128543033216e-17,0.9999999986611685,-3.524520276090164,11.336509537089231
BraTS-MEN-RT-0147-1,r_train,655.5634963077256,283.33049217019254,1.0,3561.0,-3.189335046149818e-17,0.9999999999647055,-2.310247270849465,10.254584606603071
BraTS-MEN-RT-0148-1,r_train,245.94718817960563,99.2753785026566,1.0,1495.0,6.062567747977151e-17,0.9999999998992701,-2.467350836122749,12.581697803964081
BraTS-MEN-RT-0149-1,r_train,302.25879897960516,115.69036191692499,2.0742604732513428,1591.6136474609375,5.2513067491992154e-17,0.9999999999135624,-2.594723825792535,11.144876954363271
BraTS-MEN-RT-0150-1,r_train,1926.863469541437,511.36325919153137,18.0,4696.0,3.364360198385847e-17,0.9999999999804444,-3.7328913158955412,5.415204320276028
BraTS-MEN-RT-0151-1,r_train,222.8635709281573,79.51931703209809,3.3166966438293457,925.8292236328125,-1.544642771687291e-16,0.9999999998742443,-2.760925048791582,8.840187250759463
BraTS-MEN-RT-0153-1,r_train,371.33595227305176,106.27404795181322,8.0,1473.0,1.9874358872386952e-16,0.9999999999059038,-3.418858688845719,10.366256568327973
BraTS-MEN-RT-0154-1,r_train,241.5697755432931,92.86103587324335,0.9556508660316467,1192.404296875,6.955941499416428e-17,0.9999999998923123,-2.5911204025312835,10.239327100843635
BraTS-MEN-RT-0155-1,r_train,77.08577078004518,23.804197153097252,0.0,377.0,7.428986240467058e-17,0.9999999995799059,-3.23832684849159,12.59921631320129
BraTS-MEN-RT-0156-1,r_train,157.74264901709049,70.97302075800991,1.157278060913086,870.5399780273438,-1.6191246560082038e-16,0.9999999998591014,-2.206266117205428,10.043215313325605
BraTS-MEN-RT-0157-1,r_train,189.3945260606418,84.19996702699082,2.3391897678375244,1146.446044921875,6.001586246573504e-17,0.9999999998812352,-2.2215606831606824,11.366412037201634
BraTS-MEN-RT-0158-1,r_train,735.3355452782474,331.2060804131741,7.0,3477.0,5.053360517257942e-17,0.9999999999698072,-2.1990403809847647,8.277820416880008
BraTS-MEN-RT-0159-1,r_train,777.8624430587247,348.4364410039859,7.0,4420.0,-4.3286557961978073e-17,0.9999999999713002,-2.212347367615843,10.45280323246983
BraTS-MEN-RT-0160-1,r_train,432.32354129225376,124.0175464597642,9.0,1903.0,-1.3581450002171673e-16,0.9999999999193663,-3.413416515182077,11.858615982749674
BraTS-MEN-RT-0161-1,r_train,310.3449962380724,97.52908987153155,1.6424236297607422,1461.4552001953125,-2.747172432584549e-16,0.9999999998974666,-3.1652358592015184,11.80273706394156
BraTS-MEN-RT-0166-1,r_train,412.27380194846324,120.47078594526687,2.0,1676.0,-6.966289949858486e-17,0.9999999999169923,-3.4055874932268297,10.489897513582942
BraTS-MEN-RT-0167-1,r_train,358.1560956745187,114.10634594041207,15.0,1551.0,-1.571148983283546e-16,0.9999999999123625,-3.0073357692450013,10.453791105043914
BraTS-MEN-RT-0168-1,r_train,233.0843739418181,83.73927203041144,2.727816581726074,1374.9962158203125,7.405554823596362e-17,0.9999999998805819,-2.750878431913345,13.636515031172271
BraTS-MEN-RT-0171-1,r_train,1918.0904440034726,729.8011818619672,0.0,11457.0,5.874924434743893e-17,0.9999999999862975,-2.6282369659685934,13.070559205630321
BraTS-MEN-RT-0173-1,r_train,259.5772780369016,98.14762422467103,0.1605578064918518,1149.40869140625,-3.77714631014025e-17,0.9999999998981127,-2.643127862271472,9.066255248744085
BraTS-MEN-RT-0174-1,r_train,473.0976356191299,147.34221472103755,0.0,2302.0,-1.6467866987658556e-16,0.9999999999321307,-3.2108763702428056,12.412616219454808
BraTS-MEN-RT-0175-1,r_train,361.13948997539813,126.24568135466087,10.0,1689.0,1.842057722663993e-16,0.9999999999207894,-2.7813980342118088,10.518066801739336
BraTS-MEN-RT-0176-1,r_train,259.55370883548784,86.45819191562086,1.5960354804992676,1321.208251953125,2.5347468831212693e-16,0.9999999998843371,-2.983611704220082,12.279397931788445
BraTS-MEN-RT-0177-1,r_train,1266.3489175850088,297.8212243022977,1.0,3745.0,2.8998854603070586e-16,0.9999999999664227,-4.248686172407088,8.322613971312729
BraTS-MEN-RT-0178-1,r_train,427.46408877913353,146.90334958466096,8.0,1908.0,-3.3480643361198666e-17,0.9999999999319279,-2.8553745706719984,10.078299203564756
BraTS-MEN-RT-0179-1,r_train,33.79341483828415,11.0977388641114,0.16725307703018188,124.86505889892578,7.956269583716525e-17,0.9999999990989153,-3.0300011689495103,8.206324287652134
BraTS-MEN-RT-0180-1,r_train,1831.867713172136,600.2902635466237,20.0,5878.0,-1.416777582184371e-16,0.9999999999833414,-3.018319341774944,6.7402930423278535
BraTS-MEN-RT-0181-1,r_train,310.24884180520735,122.55182299800485,2.7023701667785645,1658.0133056640625,8.063393329385386e-17,0.9999999999184019,-2.5095218013879763,10.997506448931583
BraTS-MEN-RT-0184-1,r_train,91.1055012946315,35.59937729559694,0.0,512.0,7.963100163181128e-17,0.999999999719096,-2.559188058615505,11.823085979630195
BraTS-MEN-RT-0185-1,r_train,780.3139107524152,227.42563342409994,0.0,2918.0,2.776085132340272e-17,0.9999999999560294,-3.4310728257398613,9.399494933657124
BraTS-MEN-RT-0188-1,r_train,306.0818157020212,81.60725834804002,1.0,1109.0,2.475563178080635e-16,0.999999999877462,-3.7384152076708537,9.83880846450314
BraTS-MEN-RT-0189-1,r_train,1596.5745726915136,439.1176914534562,32.0,4286.0,-2.170785127536726e-16,0.999999999977227,-3.5629959874247494,6.1246118742002515
BraTS-MEN-RT-0190-1,r_train,1996.51873688479,973.7824775216346,18.0,11628.0,-7.255175566837529e-17,0.9999999999897307,-2.0317871624677237,9.890793360267994
BraTS-MEN-RT-0191-1,r_train,34.480961132109506,11.897528832343863,0.3225456178188324,79.43675231933594,-1.7728715592990742e-16,0.9999999991594892,-2.871051288627204,3.7785822403074714
BraTS-MEN-RT-0192-1,r_train,325.5617423438182,112.12901269191438,4.32115364074707,1629.141357421875,-1.5036238024100165e-16,0.999999999910817,-2.864919443793396,11.62571205851526
BraTS-MEN-RT-0193-1,r_train,284.39244879246,92.9479089642622,8.0,1227.0,-1.938858060263944e-16,0.9999999998924128,-2.973627398858372,10.141245366461696
BraTS-MEN-RT-0196-1,r_train,246.20805258646237,109.662435665395,1.7833983898162842,1322.2314453125,-2.0164978013182213e-17,0.9999999999088112,-2.228882230193687,9.812142016534342
BraTS-MEN-RT-0197-1,r_train,2553.8379347500836,1101.751231318944,19.0,10710.0,-1.4654243718791787e-16,0.9999999999909236,-2.300735286397216,7.402907147570753
BraTS-MEN-RT-0198-1,r_train,3886.7798879453126,1389.8239137747048,21.0,12855.0,1.1262602459265885e-16,0.9999999999928049,-2.7814889710871347,6.45277435731613
BraTS-MEN-RT-0199-1,r_train,335.24531538592305,101.33266428469958,2.2586538791656494,1523.906005859375,-1.577284738751903e-16,0.9999999999013152,-3.2860742764875175,11.730281629786651
BraTS-MEN-RT-0200-1,r_train,95.46536164518572,26.304706100989304,0.0,494.0,2.2231407083276487e-16,0.9999999996198398,-3.6292122497921846,15.150697243042705
BraTS-MEN-RT-0202-1,r_train,309.3070873365851,88.77320318138781,4.0,1391.0,9.536317597116317e-18,0.9999999998873534,-3.4391807027439105,12.184903481869107
BraTS-MEN-RT-0203-1,r_train,266.77563897004245,95.08354992882307,0.21612197160720825,1147.096923828125,2.1986258853202542e-16,0.9999999998948296,-2.8034241166841176,9.258397329764012
BraTS-MEN-RT-0206-1,r_train,24.56645246171552,7.138619683015862,0.0,76.0,1.837366513745525e-17,0.9999999985991691,-3.441344898335227,7.204970953783263
BraTS-MEN-RT-0208-1,r_train,268.40708760722043,107.94565272267863,0.3590741455554962,1354.8961181640625,-3.915245292275546e-16,0.9999999999073609,-2.48317562288007,10.065148554407015
BraTS-MEN-RT-0209-1,r_train,2402.51625494355,1039.8576779467478,6.0,11398.0,8.957607696862741e-17,0.9999999999903832,-2.3046579409333665,8.650687431314626
BraTS-MEN-RT-0210-1,r_train,158.69401013027084,49.60490416489751,0.0,720.0,2.553768063270157e-16,0.9999999997984069,-3.199159695395152,11.31553420384949
BraTS-MEN-RT-0211-1,r_train,1951.6633437682922,571.9132858587323,1.0,5956.0,9.667326600088257e-17,0.9999999999825148,-3.4107676669991123,7.0016499969032
BraTS-MEN-RT-0212-1,r_train,285.2212715086025,70.0130370388727,3.0,1115.0,-3.725886006665336e-17,0.9999999998571697,-4.030981705758566,11.85177451896808
BraTS-MEN-RT-0215-1,r_train,205.20231476273213,83.42476000487943,1.7891420125961304,889.3383178710938,-7.119349718745325e-17,0.9999999998801317,-2.4382829835393682,8.200634955214026
BraTS-MEN-RT-0216-1,r_train,96.02534209589115,39.91739460773151,0.0,479.0,-1.6300611057178807e-16,0.9999999997494825,-2.405601443067033,9.594179719685151
BraTS-MEN-RT-0217-1,r_train,129.40464447218244,71.87393523769597,0.43040773272514343,996.7694091796875,8.373681098141048e-17,0.9999999998608676,-1.7944507462264183,12.067862455538913
BraTS-MEN-RT-0220-1,r_train,1883.8212006362548,511.3181225275211,16.0,5537.0,-2.000341821938377e-16,0.9999999999804428,-3.652953256119319,7.144630003008882
BraTS-MEN-RT-0221-1,r_train,253.12471126483575,91.3453294899778,3.2953944206237793,1530.67431640625,4.789604654733118e-17,0.9999999998905253,-2.7349982556499803,13.985932418599736
BraTS-MEN-RT-0222-1,r_train,98.90860309000627,38.28347361886276,0.0,579.0,-1.4833108586863536e-16,0.9999999997387905,-2.5835848661192773,12.54043458971921
BraTS-MEN-RT-0223-1,r_train,1368.973030800654,369.8957859558569,5.0,5077.0,-2.265586374876867e-16,0.9999999999729654,-3.6874522028930468,10.024518012599403
BraTS-MEN-RT-0224-1,r_train,163.68407048651883,72.99292578144667,1.1622793674468994,1057.3966064453125,-5.827820084777355e-17,0.9999999998630004,-2.2265416731400056,12.24382399072869
BraTS-MEN-RT-0225-1,r_train,339.7759000144829,115.83501438935527,1.9426774978637695,1526.43310546875,1.5627584958127315e-16,0.9999999999136703,-2.9165034792666242,10.244373962462873
BraTS-MEN-RT-0226-1,r_train,258.0207772694275,70.74074435486558,0.0,838.0,-1.5354527067224827e-16,0.9999999998586389,-3.647413942078581,8.198658749463592
BraTS-MEN-RT-0227-1,r_train,28.975295242826434,7.713108819749925,0.0,121.0,1.9609559925555522e-16,0.999999998703506,-3.7566298988375446,11.930948569301751
BraTS-MEN-RT-0229-1,r_train,73.19688158732085,25.461581332871752,0.0,331.0,7.044076023588265e-17,0.9999999996072513,-2.8747971542550363,10.125180951687195
BraTS-MEN-RT-0230-1,r_train,425.2335449491793,143.2019241819556,7.0,1840.0,-1.407840224718503e-17,0.9999999999301685,-2.9205860696994295,9.879521263655585
BraTS-MEN-RT-0232-1,r_train,345.696112003904,121.97398037041229,19.0,1491.0,4.897449867775101e-17,0.9999999999180152,-2.6784082226799897,9.389739388877231
BraTS-MEN-RT-0234-1,r_train,1946.036368736982,554.3552431555395,11.0,6006.0,1.0345573008968894e-16,0.999999999981961,-3.4906071379199504,7.3237579716561765
BraTS-MEN-RT-0235-1,r_train,770.1672870300796,209.07235216441575,6.0,2214.0,-1.7848287212055203e-16,0.9999999999521696,-3.6550374981794986,6.905899789970425
BraTS-MEN-RT-0236-1,r_train,1988.5560611962767,538.5099773818214,17.0,5030.0,1.8646684530207124e-16,0.9999999999814303,-3.661131908354164,5.647887813582255
BraTS-MEN-RT-0241-1,r_train,247.09120053429646,90.96296190481706,3.4166066646575928,1444.3468017578125,1.1824541229649034e-16,0.9999999998900652,-2.678833106796036,13.162012054364446
BraTS-MEN-RT-0247-1,r_train,97.78767414732918,33.860857679835156,0.0,520.0,1.8682717431710763e-16,0.9999999997046738,-2.887926674600582,12.469038136013213
BraTS-MEN-RT-0249-1,r_train,277.50477548531876,71.75003903306408,2.0,972.0,2.9695679045814816e-16,0.9999999998606274,-3.8397857222065332,9.679370684353886
BraTS-MEN-RT-0250-1,r_train,77.1791082282127,28.847970055162133,0.0,416.0,-1.1494184225507552e-16,0.9999999996533551,-2.67537397098928,11.745051419786371
BraTS-MEN-RT-0251-1,r_train,258.33139653113267,114.40611206849438,2.0863261222839355,1531.6708984375,-1.0211780758671838e-16,0.999999999912592,-2.2397847960521395,11.129995406475533
BraTS-MEN-RT-0252-1,r_train,2030.3614554494861,484.66885617258407,12.0,5633.0,1.9661591880064307e-16,0.9999999999793673,-4.164413350894431,7.43319587919495
BraTS-MEN-RT-0255-1,r_train,270.40776593322454,100.94734500613913,3.6042511463165283,1435.0013427734375,8.975731353886956e-17,0.9999999999009385,-2.642996848943896,11.536643946941068
BraTS-MEN-RT-0257-1,r_train,413.59702330727686,129.6029191311309,10.0,1895.0,1.6222678776371074e-16,0.9999999999228412,-3.1141044197297783,11.430321064601573
BraTS-MEN-RT-0258-1,r_train,90.08762565608042,34.307362881463504,0.0,584.0,1.069867113405461e-17,0.9999999997085174,-2.6258977100946566,14.396687262337403
BraTS-MEN-RT-0260-1,r_train,353.18415912520487,112.86214588426478,6.0,1177.0,-2.700989718107029e-17,0.9999999999113964,-3.0761789648272804,7.299310449462741
BraTS-MEN-RT-0263-1,r_train,328.87141567816286,105.84393366340674,1.3480029106140137,1255.93017578125,3.4316508025862164e-17,0.9999999999055214,-3.0943994747791486,8.758733050905215
BraTS-MEN-RT-0268-1,r_train,341.61061670769163,131.19389247665575,4.206365585327148,1816.4451904296875,1.5050967689532526e-16,0.9999999999237768,-2.571798463535055,11.24164048926292
BraTS-MEN-RT-0270-1,r_train,381.4093043646207,111.63200317772524,3.0,1693.0,1.7844655711980836e-16,0.99999999991042,-3.3897922957475837,11.749235507578874
BraTS-MEN-RT-0271-1,r_train,564.9819189845146,221.19158854017243,8.0,2428.0,-2.5693622940591278e-16,0.9999999999547903,-2.518097196350554,8.422644338452775
BraTS-MEN-RT-0273-1,r_train,28.803706953129414,9.864824737065181,0.0,109.0,2.710626161339609e-17,0.9999999989862971,-2.9198397023422653,8.12952030097942
BraTS-MEN-RT-0274-1,r_train,361.43519960372896,99.97428151490192,0.0,1237.0,2.1041690540301416e-16,0.9999999998999745,-3.6152817913845325,8.757900402396816
BraTS-MEN-RT-0275-1,r_train,240.56808895167154,102.39732126383518,1.1198912858963013,1587.3096923828125,9.8072459273125e-17,0.9999999999023413,-2.3384224771411053,13.152117522973365
BraTS-MEN-RT-0279-1,r_train,320.2642120626743,98.52358128044065,0.3206360936164856,1261.283935546875,7.635926958591359e-17,0.9999999998985014,-3.247380695854797,9.551213132520429
BraTS-MEN-RT-0280-1,r_train,1372.3216771989796,486.2491576238178,33.0,4348.0,-2.2726174903183387e-16,0.9999999999794342,-2.7543938250019337,6.119657537878822
BraTS-MEN-RT-0281-1,r_train,72.21719482566407,25.453727898606473,0.0,371.0,2.770018806053808e-17,0.9999999996071302,-2.837195207121147,11.738272925959532
BraTS-MEN-RT-0282-1,r_train,1162.23852930001,409.15573317329455,0.0,7939.0,2.350862681867695e-16,0.9999999999755594,-2.840577401317624,16.562792406636326
BraTS-MEN-RT-0283-1,r_train,158.6166025764818,63.23298675592764,0.7500006556510925,1066.070068359375,-1.7157104946121816e-17,0.9999999998418546,-2.496586196461232,14.35095054329877
BraTS-MEN-RT-0284-1,r_train,106.04886639696754,42.28912061399723,0.0,567.0,3.7094884710932125e-17,0.9999999997635326,-2.5077103716550075,10.899993350570238
BraTS-MEN-RT-0286-1,r_train,307.3789369958109,90.73833983745412,2.4387869834899902,1292.9619140625,-7.089121100982006e-17,0.999999999889793,-3.3606538374514545,10.861814076867775
BraTS-MEN-RT-0289-1,r_train,232.67434393609486,105.70429515756753,1.031812310218811,1367.3701171875,2.7091919494467742e-17,0.9999999999053965,-2.1914202375472556,10.734623143294518
BraTS-MEN-RT-0290-1,r_train,164.55026300387385,62.838445590362824,0.4999995827674866,1037.4200439453125,-1.3027899680228552e-16,0.9999999998408617,-2.610667113958006,13.890696572806357
BraTS-MEN-RT-0294-1,r_train,259.6996844401969,101.6579285151897,5.0,1419.0,4.19839954656526e-17,0.9999999999016309,-2.5054581392250697,11.40393407950017
BraTS-MEN-RT-0295-1,r_train,416.74753185261244,114.76954833567886,2.0,1768.0,-1.7017263913288264e-16,0.9999999999128689,-3.613741953600952,11.773614932050599
BraTS-MEN-RT-0297-1,r_train,74.01299343181721,20.868476754237516,0.0,279.0,-5.473579154978139e-18,0.9999999995208083,-3.5466409104977843,9.822806373653046
BraTS-MEN-RT-0298-1,r_train,382.91300142150595,120.5839750623453,12.0,1609.0,1.704008826168577e-16,0.9999999999170703,-3.0759725842424235,10.167909938637315
BraTS-MEN-RT-0299-1,r_train,558.1341829282679,171.1566790482119,0.0,1631.0,-1.8525090103302742e-16,0.9999999999415741,-3.260954734570665,6.268325740924436
BraTS-MEN-RT-0300-1,r_train,63.5728008972174,20.004196737804705,0.0,327.0,2.9108720721814966e-17,0.9999999995001048,-3.1779731872610175,13.168596691176392
BraTS-MEN-RT-0301-1,r_train,2081.687151072195,741.9101337136447,21.0,9679.0,-2.1713921285632037e-16,0.9999999999865211,-2.7775428012144983,10.240206331724997
BraTS-MEN-RT-0302-1,r_train,170.93503974551084,71.2537340939237,1.0442386865615845,1025.1903076171875,-6.946863147648842e-17,0.9999999998596565,-2.3843073376500272,11.98891929826083
BraTS-MEN-RT-0303-1,r_train,320.3843016911218,104.3449486330394,8.0,1428.0,7.33315623279926e-17,0.9999999999041641,-2.9937654457982257,10.614943154536352
BraTS-MEN-RT-0305-1,r_train,1398.996101789401,349.72663729621496,1.0,4829.0,-2.5940167614472624e-16,0.999999999971406,-3.9973966883321457,9.807671284722138
BraTS-MEN-RT-0306-1,r_train,100.98982470756798,29.72865276280418,0.0,450.0,-3.386521145719198e-17,0.9999999996636242,-3.397053525410799,11.739858444298797
BraTS-MEN-RT-0309-1,r_train,240.60894223151556,86.29207332261413,1.466966152191162,1316.14990234375,1.1899669329525e-16,0.9999999998841145,-2.771308729105951,12.463960113306644
BraTS-MEN-RT-0310-1,r_train,322.72350878024065,110.93419196987226,0.8411538600921631,1468.4039306640625,4.5781470943971015e-17,0.9999999999098566,-2.9015612695727784,10.327568096333119
BraTS-MEN-RT-0311-1,r_train,508.0259867173557,200.95795232658105,10.0,2390.0,3.6872932819939806e-17,0.9999999999502384,-2.478259660424985,9.36501388176248
BraTS-MEN-RT-0312-1,r_train,211.76865651028635,71.87490404319651,2.665346622467041,1337.8330078125,1.597287496341195e-16,0.9999999998608695,-2.9092673255334915,15.66700319305865
BraTS-MEN-RT-0313-1,r_train,295.79425743199437,87.7769780290696,1.0406805276870728,964.4685668945312,-1.2765429800450392e-16,0.999999999886075,-3.357982736351578,7.617877994898726
BraTS-MEN-RT-0314-1,r_train,1802.9072327601248,592.7960617632447,2.0,6726.0,-3.7190643269235175e-17,0.9999999999831307,-3.037987849266456,8.304867533217601
BraTS-MEN-RT-0315-1,r_train,304.8588300790169,129.86824232761876,2.959026336669922,1675.8177490234375,2.1090472850358633e-16,0.9999999999229988,-2.3246622754583632,10.556537104585857
BraTS-MEN-RT-0316-1,r_train,30.535453449089506,7.786019949157589,0.0,91.0,9.5378435979453e-17,0.9999999987156468,-3.9218308724183255,7.76578365687268
BraTS-MEN-RT-0317-1,r_train,272.6213983622266,104.4094579089673,2.0515384674072266,1372.6300048828125,2.4995051342748477e-16,0.9999999999042234,-2.5914305589519486,10.535526459435392
BraTS-MEN-RT-0318-1,r_train,341.27067987480405,136.1037348541613,4.005812644958496,2092.338134765625,0.0,0.9999999999265264,-2.4779986204379596,12.86568261068279
BraTS-MEN-RT-0319-1,r_train,233.59787738945613,136.86865848403647,0.0,1861.0,-7.642313759423564e-17,0.9999999999269372,-1.706730232908904,11.890246755662119
BraTS-MEN-RT-0321-1,r_train,369.59876792441696,103.5413495129432,7.0,1513.0,2.8247194730459885e-18,0.9999999999034204,-3.501970658051647,11.042943107692668
BraTS-MEN-RT-0322-1,r_train,309.09595186002963,89.85498089138908,1.0,1312.0,1.3668473002256036e-16,0.9999999998887096,-3.4288132807923923,11.16136287692947
BraTS-MEN-RT-0325-1,r_train,234.64906551240801,101.24048209989735,1.3677514791488647,1415.3277587890625,8.918897168834169e-17,0.9999999999012252,-2.3042295845650997,11.662120415379082
BraTS-MEN-RT-0326-1,r_train,631.8889467920496,166.83859701396807,4.0,1993.0,2.6283986984894297e-16,0.999999999940062,-3.763451371518348,8.158250413796113
BraTS-MEN-RT-0330-1,r_train,800.2896029039167,218.70900806560934,3.0,3183.0,7.787365720058647e-17,0.9999999999542771,-3.6454355946248347,10.89443191234429
BraTS-MEN-RT-0332-1,r_train,239.0686523172166,96.51625231809986,2.482802391052246,1372.201904296875,-5.958017633561296e-17,0.9999999998963905,-2.4512540035424113,11.740336209156316
BraTS-MEN-RT-0335-1,r_train,30.735462550331988,9.104938446872803,0.0,153.0,1.24025895915869e-16,0.999999998901695,-3.375691411415475,13.428376043264457
BraTS-MEN-RT-0336-1,r_train,322.25572667766636,107.16768742893322,5.111627101898193,1225.696044921875,2.1573786829339416e-16,0.9999999999066883,-2.959325773979071,8.430155953108638
BraTS-MEN-RT-0338-1,r_train,2085.037191429846,529.9891523942147,11.0,5953.0,6.411156688475029e-17,0.9999999999811318,-3.9133578150067674,7.298192408323326
BraTS-MEN-RT-0339-1,r_train,289.3897242333979,123.68012931939879,1.4209998846054077,1532.016845703125,-1.1164081625189541e-16,0.9999999999191465,-2.328334599180778,10.047103994856146
BraTS-MEN-RT-0340-1,r_train,2726.8893884497343,1117.3585008219297,107.0,14864.0,1.8325173081024558e-17,0.9999999999910504,-2.3447169252295432,10.862324493449128
BraTS-MEN-RT-0342-1,r_train,617.9692168943642,187.76199025557995,9.0,2508.0,2.1220207709921623e-16,0.9999999999467412,-3.2433040150086163,10.066099003489905
BraTS-MEN-RT-0344-1,r_train,35.0083584151754,10.439084944593619,0.0,132.0,-1.8762128032227531e-16,0.9999999990420614,-3.3535849710438757,9.291201480465427
BraTS-MEN-RT-0347-1,r_train,405.49974581272465,105.54918339589126,11.0,1932.0,-2.429580060098512e-16,0.9999999999052576,-3.7375916428994898,14.462454421054986
BraTS-MEN-RT-0350-1,r_train,730.8094924332056,188.34176566923122,0.944937527179718,3953.74609375,-4.489590284648681e-16,0.999999999946905,-3.8752135102581198,17.11217153398596
BraTS-MEN-RT-0351-1,r_train,1875.9337143708283,506.28915344290976,8.0,5976.0,1.5482160863872639e-16,0.9999999999802484,-3.689460265209031,8.09827004522332
BraTS-MEN-RT-0354-1,r_train,1775.9538937382713,522.7899223062338,11.0,4588.0,-1.573393708563593e-16,0.9999999999808717,-3.37602891409727,5.378921792912319
BraTS-MEN-RT-0355-1,r_train,2122.1796200105555,912.6784795624321,0.0,8850.0,-2.6273561563396723e-16,0.9999999999890433,-2.3252214964077442,7.37151201717966
BraTS-MEN-RT-0356-1,r_train,78.47981762895918,24.887166909805483,0.0,344.0,2.547047585844871e-16,0.9999999995981864,-3.1534251319905793,10.668959758522652
BraTS-MEN-RT-0358-1,r_train,87.85233610089537,33.93623061154514,0.0,498.0,1.3643958882957977e-16,0.9999999997053297,-2.5887476155092024,12.085834413168845
BraTS-MEN-RT-0360-1,r_train,415.49142513583377,150.26584242012223,2.34517765045166,2320.255126953125,-1.1944972713529822e-17,0.9999999999334512,-2.7494355390680787,12.675959293297538
BraTS-MEN-RT-0361-1,r_train,205.66407046509056,64.28688249799171,3.288358449935913,934.0250854492188,-1.9591694158130254e-16,0.9999999998444473,-3.148009424628682,11.329854343047094
BraTS-MEN-RT-0363-1,r_train,1670.8249199807253,499.2556527933142,24.0,5419.0,1.126239492010313e-16,0.9999999999799702,-3.298560388317737,7.507526572755499
BraTS-MEN-RT-0365-1,r_train,91.40542444368288,35.904160258298944,0.0,482.0,-1.5950112745002245e-16,0.9999999997214807,-2.5458170797100625,10.878811052467
BraTS-MEN-RT-0369-1,r_train,265.59858286528106,96.69472738454834,2.3120787143707275,1742.932861328125,-5.69489078142671e-18,0.9999999998965816,-2.7228630892831336,15.278333351463962
BraTS-MEN-RT-0370-1,r_train,738.1625813051537,251.06609299776457,32.0,2353.0,-3.8367108366532604e-17,0.9999999999601697,-2.812656113158676,6.4319215683374065
BraTS-MEN-RT-0372-1,r_train,2066.8000454422627,808.2545587310846,19.0,11703.0,2.5553884782718456e-16,0.9999999999876277,-2.533607788902373,11.922233967435734
BraTS-MEN-RT-0373-1,r_train,98.20793039418537,33.13090369205744,0.0,420.0,0.0,0.999999999698167,-2.9642394085400885,9.712746519070388
BraTS-MEN-RT-0374-1,r_train,90.08762565608042,34.307362881463504,0.0,584.0,1.069867113405461e-17,0.9999999997085174,-2.6258977100946566,14.396687262337403
BraTS-MEN-RT-0375-1,r_train,302.04092818896333,87.77564511528816,0.48523667454719543,1232.036376953125,1.1363579039390002e-16,0.9999999998860731,-3.4355280566036877,10.595142279349993
BraTS-MEN-RT-0377-1,r_train,2181.428538094024,739.1971890771805,0.0,9448.0,-1.613097651989985e-16,0.9999999999864717,-2.9510779671495038,9.830355917450548
BraTS-MEN-RT-0378-1,r_train,1814.6271548730267,526.9616512262953,23.0,5347.0,-1.793256177400164e-16,0.9999999999810234,-3.399919426147467,6.7032825573544805
BraTS-MEN-RT-0380-1,r_train,1701.325564956994,421.7444575451012,7.0,4795.0,-1.3221093207221175e-17,0.9999999999762889,-4.017422243742537,7.335424045587642
BraTS-MEN-RT-0382-1,r_train,368.8055190706505,114.22868631748123,0.0,1555.0,7.332471415540132e-17,0.9999999999124564,-3.228659375573358,10.384383459761228
BraTS-MEN-RT-0383-1,r_train,149.42320958742332,68.63466935417782,0.6951773166656494,1007.7578125,1.4414535694117107e-16,0.9999999998543012,-2.166951974105125,12.505845964788218
BraTS-MEN-RT-0384-1,r_train,186.0737726897879,73.11115544768226,0.6751583218574524,1124.39404296875,-4.4891211685638234e-17,0.999999999863222,-2.5358457708309876,12.834160045823305
BraTS-MEN-RT-0387-1,r_train,97.97090026861093,55.96637354470785,0.5177541375160217,725.0009155273438,1.1581486038081377e-16,0.9999999998213213,-1.7412803428443189,11.203692064232158
BraTS-MEN-RT-0388-1,r_train,1493.3722418007617,515.8532943115106,6.0,6455.0,-9.922640667400244e-17,0.9999999999806145,-2.8833241120560578,9.618292279639597
BraTS-MEN-RT-0390-1,r_train,1623.8996799006534,431.6278458274325,0.0,13085.0,-4.449707544786865e-17,0.999999999976832,-3.7622681102745066,26.553199545925576
BraTS-MEN-RT-0391-1,r_train,181.66897636872235,71.88672151054972,1.0499993562698364,1256.6298828125,5.082257825508004e-17,0.9999999998608922,-2.512549928442909,14.953539175332773
BraTS-MEN-RT-0392-1,r_train,353.719851959339,107.23540787057719,0.0,1171.0,-7.30072391608337e-17,0.9999999999067472,-3.298535986856687,7.621364661109191
BraTS-MEN-RT-0393-1,r_train,142.35406494404637,48.65282346502886,0.6387574076652527,573.3099975585938,3.407312283761752e-17,0.999999999794462,-2.9127869137773006,8.857778476838783
BraTS-MEN-RT-0394-1,r_train,563.2640748924601,164.99683558265318,5.0,1715.0,-1.2160552678026782e-16,0.9999999999393927,-3.383483524924753,6.980351598687407
BraTS-MEN-RT-0395-1,r_train,345.9098559188315,107.77722017498637,5.0,1593.0,6.749982131538609e-17,0.9999999999072161,-3.163097501806983,11.570999344209207
BraTS-MEN-RT-0397-1,r_train,57.77367889685491,30.548765801684212,0.0,405.0,4.649233609492406e-17,0.9999999996726545,-1.8911951878186117,11.366296211231514
BraTS-MEN-RT-0400-1,r_train,24.293102256786497,8.042976817435209,0.0,107.0,-1.2440786355151397e-16,0.9999999987566791,-3.020411817415769,10.283120232436072
BraTS-MEN-RT-0401-1,r_train,1917.743968465882,517.2346168141607,16.0,5633.0,1.0252051181907231e-17,0.9999999999806662,-3.676753076085005,7.182922238163262
BraTS-MEN-RT-0402-1,r_train,7010.672285742491,7496.730169148556,-19386.966796875,32402.041015625,0.0,0.9999999999986661,-3.5212203836836773,3.386992482981747
BraTS-MEN-RT-0405-1,r_train,331.2789526186679,105.30482843750117,3.0,1234.0,6.468505255708591e-17,0.9999999999050376,-3.1174159576389093,8.57245636966567
BraTS-MEN-RT-0406-1,r_train,88.41657459514838,28.80139666773805,0.0,360.0,1.8270230850541374e-16,0.9999999996527945,-3.0698710755055045,9.429522756956128
BraTS-MEN-RT-0409-1,r_train,321.2806319239742,102.61731483682739,1.0,1318.0,-1.1852259166893455e-16,0.9999999999025506,-3.1211168641670644,9.712974555646749
BraTS-MEN-RT-0410-1,r_train,67.57312286202756,26.08745194852002,0.0,344.0,8.512791771680618e-17,0.9999999996166739,-2.5902538496082803,10.596162384026659
BraTS-MEN-RT-0411-1,r_train,24.066709982791686,6.837648042518716,0.0,81.0,-1.2033621968194303e-16,0.9999999985375089,-3.519735119143266,8.326443475872725
BraTS-MEN-RT-0412-1,r_train,1403.9425883937997,371.66563966363873,5.0,4225.0,-1.507713688634431e-17,0.9999999999730941,-3.763981490519859,7.590309973457281
BraTS-MEN-RT-0413-1,r_train,1367.9606003768413,565.2904270373333,2.0,7216.0,1.8071494588156848e-16,0.9999999999823099,-2.4163872852254507,10.345194469627002
BraTS-MEN-RT-0414-1,r_train,1986.4008068887947,486.1598370477668,15.0,5570.0,-1.2879463259668632e-16,0.9999999999794306,-4.055046625858046,7.371236617979598
BraTS-MEN-RT-0415-1,r_train,234.4454145013872,83.9493192104008,2.0324578285217285,1524.7423095703125,-1.5970617085287074e-16,0.9999999998808805,-2.768491261527539,15.369950668466721
BraTS-MEN-RT-0418-1,r_train,239.55868678627283,85.92235962515065,0.4119206666946411,1111.2750244140625,4.962323776587343e-17,0.9999999998836161,-2.783289089534545,10.145395695943765
BraTS-MEN-RT-0419-1,r_train,274.75853300980066,109.47774492759092,0.9751331210136414,1265.2642822265625,-8.268572137367239e-17,0.9999999999086573,-2.500813293558983,9.047553452817386
BraTS-MEN-RT-0420-1,r_train,186.6490901525595,63.31456205263087,0.0,985.0,1.5611262016073264e-16,0.9999999998420585,-2.947964639918474,12.609277926580468
BraTS-MEN-RT-0421-1,r_train,315.91813320370744,110.35944383775403,3.06270170211792,1601.0008544921875,7.084972518617918e-17,0.9999999999093871,-2.83487684056462,11.644519730104035
BraTS-MEN-RT-0422-1,r_train,27.93019007883899,9.732632442179275,0.0,118.0,9.456910257848432e-17,0.9999999989725286,-2.8697467222842694,9.25441398960803
BraTS-MEN-RT-0423-1,r_train,250.51017797503647,94.03068618378511,3.1330108642578125,1487.2154541015625,1.349392626601867e-16,0.9999999998936518,-2.6308131645553057,13.152145604657571
BraTS-MEN-RT-0424-1,r_train,447.0055257961123,152.30299501125782,12.0,1998.0,1.2365203228607064e-16,0.9999999999343415,-2.856184973482603,10.183611123257334
BraTS-MEN-RT-0425-1,r_train,49.910498594234554,18.067396995039637,1.0,294.0,-9.602739903844584e-17,0.9999999994465167,-2.707113735342821,13.509942873214124
BraTS-MEN-RT-0426-1,r_train,291.09331104297365,98.72778997831801,7.0,1281.0,9.173286887750673e-17,0.9999999998987114,-2.8775414812444304,10.026626637486338
BraTS-MEN-RT-0429-1,r_train,194.39462332223158,79.14147217946375,1.8888888359069824,889.3388671875,-1.4163137114571855e-16,0.9999999998736441,-2.4324254927361997,8.781037610743203
BraTS-MEN-RT-0430-1,r_train,290.8644140130841,85.8966372294469,7.0,1278.0,-4.7216431194327154e-17,0.9999999998835812,-3.304720919653455,11.492133076585528
BraTS-MEN-RT-0431-1,r_train,1874.2572178144235,580.7926978518061,0.0,6891.0,1.258188035120478e-16,0.9999999999827821,-3.2270674626497877,8.637751129886382
BraTS-MEN-RT-0433-1,r_train,1642.8289927697156,440.8110943864754,22.0,4369.0,-1.1922643126848493e-16,0.9999999999773145,-3.6769242275737857,6.184442818896715
BraTS-MEN-RT-0434-1,r_train,2148.080891158726,533.7005024918016,13.0,6819.0,-1.43295570884572e-16,0.9999999999812628,-4.000522542418852,8.751948118740073
BraTS-MEN-RT-0436-1,r_train,25.24707872202238,6.9573157110477,0.0,98.0,-1.169035831307554e-16,0.999999998562664,-3.6288533874700213,10.457038920611437
BraTS-MEN-RT-0438-1,r_train,1612.445037668897,506.53574158057484,9.0,5478.0,6.27640822268045e-17,0.999999999980258,-3.1655121366834114,7.6313567729551695
BraTS-MEN-RT-0439-1,r_train,248.78516217287213,92.75765848766488,2.1877660751342773,1337.4007568359375,-1.3458740623579235e-16,0.9999999998921923,-2.658512516289378,11.736126291830347
BraTS-MEN-RT-0441-1,r_train,208.49447148218061,81.4421750008066,1.2090801000595093,1351.5506591796875,4.104542108573232e-17,0.9999999998772137,-2.545184867111129,14.035187389652036
BraTS-MEN-RT-0442-1,r_train,337.7901015295312,133.70867766278312,2.5671334266662598,1866.3126220703125,1.3522738256090798e-16,0.9999999999252104,-2.507114526427635,11.431737619015564
BraTS-MEN-RT-0443-1,r_train,344.784770876712,136.58010513501605,8.0,1621.0,-1.6632023735734983e-16,0.9999999999267828,-2.4658406179957577,9.34407853741397
BraTS-MEN-RT-0445-1,r_train,1351.794396401076,393.4176560059139,22.0,5076.0,1.493121474288213e-16,0.9999999999745817,-3.3801085845198706,9.466289950769973
BraTS-MEN-RT-0447-1,r_train,282.6230584587258,110.23650733632623,4.690499305725098,1876.678466796875,-1.7535597069791953e-16,0.999999999909286,-2.521238796869984,14.460322144733418
BraTS-MEN-RT-0448-1,r_train,1843.2884455109381,688.9718788937495,1.0,9179.0,-4.069805522003941e-17,0.9999999999854856,-2.6739675477644695,10.647330869528671
BraTS-MEN-RT-0449-1,r_train,32.290785993921205,10.401832744021558,0.0,116.0,-3.1386332485673135e-16,0.9999999990386309,-3.1043362028135797,8.047544695785954
BraTS-MEN-RT-0450-1,r_train,69.3194259195622,32.462384148337776,0.0,309.0,1.3184332654279808e-16,0.999999999691951,-2.135376920606058,7.383332441368981
BraTS-MEN-RT-0451-1,r_train,284.3107171733792,90.38692320419837,2.90822696685791,1347.597412109375,-1.7150477991025135e-16,0.9999999998893646,-3.113309759860455,11.763722639570613
BraTS-MEN-RT-0452-1,r_train,80.8612459663686,24.850280893760885,0.0,373.0,2.730095911943721e-16,0.99999999959759,-3.253936898320168,11.75595379243454
BraTS-MEN-RT-0453-1,r_train,27.41127611738223,8.360606954369457,0.0,83.0,1.8159594875789097e-16,0.9999999988039147,-3.2786227404542916,6.648886153782995
BraTS-MEN-RT-0454-1,r_train,237.15683512661866,88.99142345545934,2.232124090194702,1237.938232421875,-1.1217690250604272e-16,0.9999999998876297,-2.6398578861659225,11.245818510630908
BraTS-MEN-RT-0455-1,r_train,26.266155208025967,8.845691740663321,0.0,115.0,-1.1259062149927887e-16,0.999999998869506,-2.9693726560227827,10.031306458912052
BraTS-MEN-RT-0456-1,r_train,2033.3007954896223,790.6450898163216,22.0,10199.0,-7.84714887487195e-17,0.999999999987352,-2.543873125085034,10.32789466422173
BraTS-MEN-RT-0457-1,r_train,301.949745829404,118.53726439254848,3.672929048538208,1893.7413330078125,-1.7810725191827378e-16,0.9999999999156384,-2.516312640453115,13.428617533915233
BraTS-MEN-RT-0458-1,r_train,662.3166388253971,209.75691767838967,4.0,2639.0,-1.4596854076450216e-16,0.9999999999523256,-3.1384740302266363,9.42368615518617
BraTS-MEN-RT-0459-1,r_train,159.83884352526456,55.4505424535194,2.023822069168091,681.3997802734375,-7.064560281258071e-17,0.999999999819659,-2.846050091573443,9.405876184012175
BraTS-MEN-RT-0460-1,r_train,621.9811570131109,223.89764730740242,4.0,2690.0,2.5011564499854678e-16,0.9999999999553366,-2.7601056304850164,9.236447402483055
BraTS-MEN-RT-0462-1,r_train,271.0463334983551,88.47005472683496,0.3130917251110077,1259.497802734375,-4.2932705590404614e-16,0.9999999998869674,-3.0601681278323314,11.172723608867319
BraTS-MEN-RT-0463-1,r_train,1971.270970434312,464.9709748676397,32.0,5018.0,-2.46193825672412e-16,0.9999999999784932,-4.1707355409542375,6.552514445374694
BraTS-MEN-RT-0465-1,r_train,365.99511208338834,111.48005059939086,1.730502963066101,1212.8214111328125,3.344431831820543e-17,0.9999999999102978,-3.2675317882358166,7.596213801665508
BraTS-MEN-RT-0467-1,r_train,229.73323456465673,91.34153284902644,1.826923131942749,1439.7647705078125,-1.5603828494089063e-16,0.9999999998905208,-2.4951005780082234,13.24733117639573
BraTS-MEN-RT-0468-1,r_train,1840.0172048350091,467.3517026908464,12.0,6605.0,2.0071884065113797e-16,0.9999999999786028,-3.9114379904273715,10.195710784036823
BraTS-MEN-RT-0469-1,r_train,993.3937313353429,447.8422475597345,0.0,4939.0,7.130785018051635e-17,0.9999999999776706,-2.218177799718771,8.810259170669864
BraTS-MEN-RT-0470-1,r_train,1727.55381827103,536.8635958175261,2.0,5903.0,-1.3476698455655382e-16,0.9999999999813732,-3.214138249793687,7.777480563368992
BraTS-MEN-RT-0471-1,r_train,229.02643303595625,105.66509754197608,1.2529067993164062,1483.6903076171875,-6.700546816230287e-17,0.9999999999053614,-2.1556174319964008,11.873966935620054
BraTS-MEN-RT-0473-1,r_train,2109.2104584233953,466.1981876705413,27.0,5651.0,3.8875520773010427e-16,0.9999999999785499,-4.466363262334717,7.597175697310065
BraTS-MEN-RT-0475-1,r_train,237.33386897814123,91.41355859001794,2.694916248321533,1362.305908203125,-5.040094576325868e-17,0.9999999998906071,-2.5667850188010695,12.306402424910774
BraTS-MEN-RT-0478-1,r_train,389.8741057318791,136.31400296539167,14.0,1675.0,1.6992357631386594e-16,0.9999999999266399,-2.757413747138909,9.427688030701589
BraTS-MEN-RT-0479-1,r_train,101.95025895648408,37.509289840748785,0.4567105174064636,461.5233459472656,-1.8555238959215962e-16,0.9999999997333993,-2.7058243129348805,9.586240859838714
BraTS-MEN-RT-0481-1,r_train,890.4589833269623,219.91314706735844,0.0,2471.0,-2.5993639502929218e-17,0.9999999999545274,-4.049139376891038,7.187114720872297
BraTS-MEN-RT-0482-1,r_train,404.88690771618826,126.8472320967601,4.60401725769043,2184.06787109375,4.960420788881547e-17,0.999999999921165,-3.155629679972855,14.026170960357467
BraTS-MEN-RT-0483-1,r_train,1858.3545200961132,633.0127599476964,4.0,6970.0,6.321024621979437e-17,0.9999999999842024,-2.9294109651439535,8.075106543263823
BraTS-MEN-RT-0484-1,r_train,64.83449378825061,24.165880626468304,0.0,316.0,-1.912693281284231e-16,0.9999999995861933,-2.6828939016776414,10.393393478602222
BraTS-MEN-RT-0485-1,r_train,665.3368306627698,173.29509504552112,10.0,2139.0,3.030521452740138e-16,0.9999999999422949,-3.78162365445375,8.503778879979786
BraTS-MEN-RT-0488-1,r_train,194.48285901719802,70.76378300501709,2.428569793701172,1053.0615234375,-6.4133775710146665e-18,0.9999999998586847,-2.714019531470501,12.133023813016036
BraTS-MEN-RT-0489-1,r_train,825.6546673166763,230.90068910574948,6.0,3209.0,8.80897822140184e-18,0.9999999999566914,-3.549814729681413,10.321949846968899
BraTS-MEN-RT-0490-1,r_train,1417.102405187953,505.0022495815329,7.0,4648.0,1.0347403163802971e-17,0.9999999999801981,-2.7922695519247753,6.397788519606265
BraTS-MEN-RT-0491-1,r_train,1140.1844831775563,381.16485601620593,12.0,5163.0,-2.8423330448468646e-16,0.9999999999737647,-2.959833429921438,10.554004266715152
BraTS-MEN-RT-0493-1,r_train,265.13119131068817,83.35685448729298,4.400999069213867,1240.105224609375,-2.3920323033509005e-16,0.999999999880034,-3.1278794505128737,11.696387047934364
BraTS-MEN-RT-0497-1,r_train,1985.0635948047957,442.21741873311225,20.0,4898.0,-5.082022912669458e-18,0.9999999999773868,-4.443659411675769,6.587113672442996
BraTS-MEN-RT-0498-1,r_train,2144.0878730662457,517.1597636955256,23.0,5279.0,3.4667534362120134e-16,0.9999999999806636,-4.101417051219027,6.061786602406283
BraTS-MEN-RT-0500-1,r_train,266.4232174817774,107.20801079580713,2.562626600265503,1603.3089599609375,2.2165516996454846e-16,0.9999999999067234,-2.46120218907391,12.470017235006335
BraTS-MEN-RT-0503-1,r_train,77.6645658015515,33.04569062447001,0.0,446.0,1.0096304842165815e-17,0.9999999996973887,-2.350217662588037,11.146247124102688
BraTS-MEN-RT-0505-1,r_train,1831.4685252316438,484.8232170254595,17.0,5439.0,1.6921456299367116e-16,0.9999999999793739,-3.742536375065832,7.440921449321815
BraTS-MEN-RT-0506-1,r_train,27.749170711705613,7.849567516469377,0.0,99.0,-5.634112764692007e-17,0.9999999987260445,-3.5351209627961238,9.077038836602249
BraTS-MEN-RT-0507-1,r_train,476.9871454048997,164.953995136803,0.7139053344726562,2575.058837890625,-5.0183794141672975e-17,0.9999999999393769,-2.887309517096335,12.7191323290989
BraTS-MEN-RT-0508-1,r_train,193.9411870608154,72.39322714769914,0.6615548133850098,1307.511962890625,-7.825834269229195e-17,0.9999999998618655,-2.669857938870388,15.382250792661061
BraTS-MEN-RT-0509-1,r_train,160.1220231157746,58.95776498127669,1.6901752948760986,774.0484619140625,2.2381727336942363e-16,0.999999999830387,-2.6872091885494616,10.412986972778286
BraTS-MEN-RT-0510-1,r_train,166.1700503528123,70.80654240829186,0.7463264465332031,925.3418579101562,2.0232944511737728e-16,0.9999999998587701,-2.336277387039086,10.721774876006696
BraTS-MEN-RT-0513-1,r_train,2328.788592423135,896.9657038095006,76.0,10461.0,1.9077410963632297e-17,0.9999999999888513,-2.5115660307079826,9.066357133776584
BraTS-MEN-RT-0516-1,r_train,358.02818667322674,124.99758476011954,3.3061587810516357,2119.776123046875,1.8141325970855707e-16,0.9999999999199983,-2.8378310552522836,14.094255817931543
BraTS-MEN-RT-0517-1,r_train,82.05906061571818,27.44327614658445,0.0,409.0,4.190688745771519e-17,0.9999999996356119,-2.9901335448256896,11.91333489189989
BraTS-MEN-RT-0520-1,r_train,353.6041600153384,100.81348743843922,8.0,1454.0,-2.3042663372297214e-16,0.9999999999008069,-3.428153997669178,10.915164903381166
BraTS-MEN-RT-0522-1,r_train,1193.0178753524958,542.6574834573113,30.0,6330.0,1.1145296862283483e-16,0.9999999999815722,-2.143189600779833,9.466343469226194
BraTS-MEN-RT-0524-1,r_train,343.7302029587655,92.05178515247133,1.6087278127670288,1286.221923828125,1.9724818274418603e-16,0.9999999998913656,-3.7166196673117677,10.238712038075768
BraTS-MEN-RT-0526-1,r_train,69.22706967909862,23.87802414373698,0.0,318.0,-1.6528318201780243e-16,0.9999999995812047,-2.899195898010028,10.418488930206047
BraTS-MEN-RT-0531-1,r_train,743.7178886712866,244.57666315915824,9.0,2862.0,-1.7537710428884424e-16,0.9999999999591129,-3.00403922087664,8.661014848598336
BraTS-MEN-RT-0533-1,r_train,294.68449991695786,96.94202468864935,1.0897260904312134,1436.20361328125,-2.7604447381362925e-16,0.9999999998968456,-3.0285603662517393,11.775276170605876
BraTS-MEN-RT-0534-1,r_train,65.70643820530735,27.08231272175462,0.0,364.0,-1.7231601591927496e-16,0.9999999996307554,-2.4261752995808616,11.014331189113578
BraTS-MEN-RT-0536-1,r_train,492.367650981456,150.07633074000617,2.0,2276.0,-1.5394302454613634e-16,0.9999999999333671,-3.267454957959357,11.884834471264355
BraTS-MEN-RT-0537-1,r_train,260.8163957826011,130.8646037421625,5.0,1323.0,-7.693040619521153e-17,0.999999999923585,-1.954817333700701,8.116660836944202
BraTS-MEN-RT-0542-1,r_train,91.00177650736936,42.07067787234445,0.0,472.0,1.0138895826821031e-16,0.9999999997623047,-2.1630689375119276,9.056146529374605
BraTS-MEN-RT-0543-1,r_train,1853.691962039465,442.6383819794644,14.0,4741.0,5.298074968767991e-17,0.9999999999774082,-4.156196201899303,6.5229500094035195
BraTS-MEN-RT-0544-1,r_train,77.106122843035,23.23260520890811,0.0,368.0,1.7411078483434058e-16,0.9999999995695703,-3.3188754389146733,12.520932302513271
BraTS-MEN-RT-0545-1,r_train,73.62763211118532,21.343706345580582,0.0,296.0,5.3778141201715356e-17,0.9999999995314776,-3.449617928796816,10.41863883358162
BraTS-MEN-RT-0546-1,r_train,322.2355075471683,117.145113419629,1.0,1393.0,6.903300210566518e-17,0.9999999999146358,-2.742201515218471,9.140496441587022
BraTS-MEN-RT-0547-1,r_train,39.12917359738557,13.160693370160487,1.0,192.0,2.4917175446314154e-16,0.9999999992401615,-2.89720096775939,11.615712180717201
BraTS-MEN-RT-0548-1,r_train,302.2049148420297,144.14734944373907,0.44398313760757446,1455.0084228515625,-9.669914064296035e-18,0.9999999999306265,-2.0934199126655857,7.997396500027215
BraTS-MEN-RT-0549-1,r_train,281.9504964802299,91.42379203539696,2.7865383625030518,1107.320068359375,-1.1946119123964722e-16,0.9999999998906193,-3.053515412914688,9.027951624116659
BraTS-MEN-RT-0550-1,r_train,630.1129860409307,204.7110691725148,0.0,2542.0,1.5892801484844142e-16,0.9999999999511506,-3.07806015843305,9.339441299358771
BraTS-MEN-RT-0551-1,r_train,327.62913955207296,107.57390997967237,3.0,1224.0,-1.253595772308643e-16,0.9999999999070407,-3.01773115417334,8.33260463000725
BraTS-MEN-RT-0554-1,r_train,1379.5566519855304,372.8381724903087,4.0,4277.0,3.855713349774312e-17,0.9999999999731787,-3.68942011157506,7.77131624850476
BraTS-MEN-RT-0555-1,r_train,1946.968643163159,631.2892458917083,1.0,8363.0,1.3276723837291666e-16,0.9999999999841594,-3.082530956762324,10.163378195477476
BraTS-MEN-RT-0557-1,r_train,34.91844802384082,9.99875777548951,0.0,156.0,2.447593161300259e-16,0.9999999989998757,-3.492278618301514,12.109659477087868
BraTS-MEN-RT-0558-1,r_train,133.12862402520207,65.53329080552597,0.32616156339645386,644.1363525390625,1.1786611222914086e-17,0.9999999998474058,-2.0264885344403067,7.79768148607599
BraTS-MEN-RT-0559-1,r_train,355.0533971283405,119.5061137496004,8.0,1460.0,1.9834787611311195e-16,0.9999999999163223,-2.9040639529662586,9.24594205359552
BraTS-MEN-RT-0560-1,r_train,275.71889383102274,119.59176832305447,0.8206115961074829,1180.0888671875,1.088305187477622e-16,0.9999999999163822,-2.2986388282958017,7.562142327704963
BraTS-MEN-RT-0561-1,r_train,105.79547324767911,44.62504291728451,0.5699999928474426,543.280029296875,-6.678354195817341e-17,0.9999999997759105,-2.357991530143605,9.803566055097514
BraTS-MEN-RT-0562-1,r_train,25.858954654482858,6.813935860310635,0.0,103.0,-2.346367080943501e-17,0.9999999985324194,-3.795009983459676,11.321070056093795
BraTS-MEN-RT-0564-1,r_train,84.79213611967884,32.476153521518164,0.0,465.0,-1.764048314787178e-16,0.9999999996920816,-2.6109045222177536,11.707293584239547
BraTS-MEN-RT-0565-1,r_train,112.99790446941044,44.69915670915616,1.2459174394607544,756.879638671875,3.1536902483321995e-17,0.9999999997762821,-2.5000916176581365,14.40478482061663
BraTS-MEN-RT-0566-1,r_train,172.17902232010908,77.47855804935962,0.5502797961235046,1183.2872314453125,3.2663381219180042e-18,0.999999999870932,-2.2151772932130913,13.05016812974953
BraTS-MEN-RT-0567-1,r_train,2025.19568445633,516.5393067276541,25.0,5920.0,1.6066517289314287e-16,0.9999999999806403,-3.872301020205249,7.540189613337224
BraTS-MEN-RT-0569-1,r_train,334.03764573008465,98.9559206097162,1.8286242485046387,1577.474365234375,-1.3200871985056268e-16,0.9999999998989451,-3.3571414363193743,12.565561633070647
BraTS-MEN-RT-0570-1,r_train,269.22825557771654,101.57957020716094,2.1289782524108887,1632.2568359375,2.2102362623047925e-16,0.999999999901555,-2.62945862789427,13.4183337992654
BraTS-MEN-RT-0573-1,r_train,1934.4960709407278,753.4547437628478,8.0,10788.0,6.598716148097667e-17,0.9999999999867276,-2.5568835910356014,11.750545075509452
BraTS-MEN-RT-0574-1,r_train,163.67485578081673,75.0816620055571,0.6372548937797546,921.9385986328125,1.3609552284589374e-16,0.9999999998668119,-2.171470323249573,10.099186971845159
BraTS-MEN-RT-0578-1,r_train,288.001255039813,104.19982363780315,1.1769754886627197,1635.488525390625,1.3771662887911902e-16,0.9999999999040307,-2.752636900045247,12.931761524907545
BraTS-MEN-RT-0579-1,r_train,209.44859022509334,87.87334644852864,1.1865288019180298,1353.484619140625,-6.113449525181304e-17,0.9999999998862,-2.370025381034777,13.019147159206614
BraTS-MEN-RT-0580-1,r_train,2665.0082365050157,998.2516967699398,126.0,13088.0,-1.3383382967190639e-16,0.9999999999899825,-2.543454967013924,10.441246227896658
BraTS-MEN-RT-0582-1,r_train,77.6243561251866,22.718932999309622,0.0,347.0,1.52944440143225e-16,0.9999999995598383,-3.4167254286712394,11.85687918373765
BraTS-MEN-RT-0583-1,r_train,86.92683216974443,47.551253610775035,0.0,531.0,-1.573717154404329e-16,0.9999999997897007,-1.828066045597719,9.338831976371722
BraTS-MEN-RT-0584-1,r_train,343.0708723615236,100.64160638599598,11.0,1119.0,-2.3593502002292647e-16,0.9999999999006376,-3.2995386724544074,7.7098245489585775
BraTS-MEN-RT-0586-1,r_train,417.81526615363464,124.69304335467771,9.0,1644.0,-1.8689649773444658e-16,0.999999999919803,-3.2785731675343914,9.833625844388617
BraTS-MEN-RT-0587-1,r_train,711.8442756231682,191.03867881239995,6.0,2630.0,4.590958493848563e-17,0.9999999999476546,-3.6947715508405485,10.04066682307856
BraTS-MEN-RT-0588-1,r_train,1886.8325695693957,547.7328571152159,11.0,6170.0,-1.3482122736267543e-16,0.9999999999817428,-3.424721641521984,7.819811016835603
BraTS-MEN-RT-0589-1,r_train,213.2978839912407,76.53963833342321,0.7546153664588928,1123.5484619140625,-1.1273117678467035e-17,0.9999999998693488,-2.776904532408794,11.892538266755954
BraTS-MEN-RT-0591-1,r_train,866.8784569900407,365.82543043237575,9.0,4432.0,9.144904747373401e-17,0.9999999999726645,-2.345048718872955,9.745417476031731
BraTS-MEN-RT-0593-1,r_train,77.79495754712248,26.903332907768227,0.0,409.0,0.0,0.9999999996282988,-2.8916475808000364,12.310929782017235
BraTS-MEN-RT-0596-1,r_train,38.700048828335994,14.189583838228527,1.0,220.0,-2.452326233374847e-16,0.9999999992952576,-2.6568819234992986,12.776974512490588
BraTS-MEN-RT-0598-1,r_train,1891.106051656859,635.807770947589,0.0,8548.0,-5.9113132227678085e-18,0.9999999999842719,-2.9743361720928125,10.469978903084503
BraTS-MEN-RT-0599-1,r_train,350.154857199118,102.75696592788144,7.0,1670.0,2.0614829288990865e-17,0.999999999902683,-3.3394802392916283,12.844337420382322
BraTS-MEN-RT-0600-1,r_train,270.0345482981802,86.46750147494654,4.79769229888916,1001.1054077148438,-1.407800116434345e-16,0.9999999998843496,-3.067474501335824,8.454862773430992
BraTS-MEN-RT-0601-1,r_train,60.18747791398035,20.62292919039753,1.0,317.0,-7.142086347682465e-18,0.9999999995151027,-2.8699840521607105,12.452766510058586
BraTS-MEN-RT-0603-1,r_train,226.37387255045311,78.79857450177504,3.42181134223938,1060.6990966796875,-1.7891066947435662e-16,0.9999999998730943,-2.8293920618436768,10.588075092710712
BraTS-MEN-RT-0605-1,r_train,2146.5428274245683,604.7654350978801,24.0,6877.0,9.397370048162568e-17,0.9999999999834646,-3.5096959981615714,7.821970135795868
BraTS-MEN-RT-0607-1,r_train,331.4983364564291,130.8175467879108,2.411745309829712,2136.679931640625,1.4220193660745804e-16,0.9999999999235575,-2.515615062366045,13.799231367431705
BraTS-MEN-RT-0608-1,r_train,186.53702283618333,72.11708847526127,2.175508975982666,1040.2276611328125,-3.3923892131414874e-17,0.9999999998613366,-2.556419258354822,11.837563831644424
BraTS-MEN-RT-0609-1,r_train,213.81440195464398,95.53271473905347,2.349728584289551,1205.115966796875,8.578765308728915e-17,0.9999999998953238,-2.2135314999247377,10.376566471979723
BraTS-MEN-RT-0611-1,r_train,368.9087350117972,124.51366819365369,0.0,1752.0,-1.0490366284716761e-16,0.9999999999196876,-2.9627970995795634,11.10794730363279
BraTS-MEN-RT-0612-1,r_train,30.76558435745617,12.22421195079421,0.0,148.0,-1.3491743341261132e-16,0.9999999991819511,-2.5167744518933652,9.59034545691296
BraTS-MEN-RT-0614-1,r_train,191.1867843944236,77.12221441112591,1.860459566116333,995.6670532226562,1.0358527414441344e-16,0.9999999998703356,-2.4548870419421664,10.431239233294932
BraTS-MEN-RT-0615-1,r_train,73.19688158732085,25.461581332871752,0.0,331.0,7.044076023588265e-17,0.9999999996072513,-2.8747971542550363,10.125180951687195
BraTS-MEN-RT-0616-1,r_train,36.601240522609146,10.59165011919467,0.0,146.0,3.132954280983164e-16,0.9999999990558599,-3.455669331610758,10.328773906140055
BraTS-MEN-RT-0617-1,r_train,398.8393916395777,94.19927998463248,2.0,1303.0,-2.932041055604099e-17,0.9999999998938421,-4.21276459503926,9.598381308349085
BraTS-MEN-RT-0618-1,r_train,67.21655044555911,20.80318753632342,0.0,366.0,-1.2455169666185039e-16,0.9999999995193043,-3.231069772162795,14.362387922001181
BraTS-MEN-RT-0619-1,r_train,1704.644558725921,448.66571065202595,1.0,5924.0,-1.6296961244506073e-16,0.9999999999777117,-3.7971356362671855,9.404229788472659
BraTS-MEN-RT-0620-1,r_train,331.5595230694491,87.48038622039245,0.5101331472396851,1238.4627685546875,-1.617665535441687e-17,0.9999999998856888,-3.78426987108107,10.366932344088829
BraTS-MEN-RT-0623-1,r_train,323.95738995330686,93.41334836074688,2.3103106021881104,1498.3751220703125,-1.8806863645610395e-16,0.9999999998929487,-3.443266781044379,12.5722688737789
BraTS-MEN-RT-0625-1,r_train,1504.601828795237,483.5817743807262,15.0,5945.0,-1.5244020667902573e-16,0.9999999999793211,-3.0803514683158073,9.182310844529457
BraTS-MEN-RT-0028-1,r_val,177.30684998038961,77.34776090468735,0.6582211256027222,1293.2119140625,1.5698863358539425e-16,0.9999999998707138,-2.2838234328415266,14.427115289257383
BraTS-MEN-RT-0090-1,r_val,1401.0904872118424,329.4409466872258,0.0,4236.0,2.2693015699836936e-16,0.9999999999696455,-4.252933647921796,8.605212986452452
BraTS-MEN-RT-0100-1,r_val,350.01279490782406,102.63693347786261,11.0,1451.0,-2.2017375435647705e-16,0.9999999999025692,-3.3030292642941657,10.727007985116526
BraTS-MEN-RT-0135-1,r_val,207.47790523001586,72.16189677734623,0.7849704027175903,848.0172729492188,-4.1711861698327305e-17,0.9999999998614227,-2.8642946489669106,8.876420884650626
BraTS-MEN-RT-0152-1,r_val,334.34589492830276,111.02546610615866,0.0,1502.0,-1.4104888387447463e-16,0.9999999999099306,-3.011434282820291,10.516993496339458
BraTS-MEN-RT-0170-1,r_val,197.17053976895747,72.65484858135484,3.8664777278900146,1099.6182861328125,-1.8157722651051822e-16,0.999999999862363,-2.660580343760686,12.421025765804663
BraTS-MEN-RT-0172-1,r_val,72.9139350152022,21.845632458782795,0.0,346.0,-2.5243595248189806e-16,0.9999999995422425,-3.33768935824566,12.500716808040933
BraTS-MEN-RT-0186-1,r_val,884.0892169498239,212.22288671244925,5.0,2434.0,-1.970962670189327e-16,0.9999999999528797,-4.142292240607961,7.303221659957867
BraTS-MEN-RT-0187-1,r_val,41.680342440367845,17.49119295090497,0.0,236.0,1.9721376847177388e-16,0.9999999994282837,-2.382933087155844,11.109571427972991
BraTS-MEN-RT-0194-1,r_val,1919.730846974555,585.3960880514485,25.0,8203.0,5.730067311614331e-17,0.9999999999829176,-3.2366646884317185,10.733363753476084
BraTS-MEN-RT-0195-1,r_val,55.51914253380074,18.20025689810201,0.0,258.0,1.9090843700710587e-16,0.9999999994505572,-3.0504592772581076,11.125164797869589
BraTS-MEN-RT-0231-1,r_val,283.92328704791197,96.46078278537307,0.0,1284.0,1.6123719943321615e-16,0.999999999896331,-2.9434064167840335,10.367702645266721
BraTS-MEN-RT-0242-1,r_val,303.0164057358331,97.26870560523896,2.0017011165618896,1387.239501953125,6.501291573020476e-17,0.999999999897192,-3.0946716388925775,11.146679596067619
BraTS-MEN-RT-0245-1,r_val,2055.6837033264824,545.8269241793222,22.0,5735.0,1.271700211501357e-16,0.9999999999816792,-3.7258764879489368,6.740811296800985
BraTS-MEN-RT-0254-1,r_val,192.33728648994344,86.40360890801043,0.4123668670654297,858.3871459960938,-7.198841409971683e-17,0.9999999998842642,-2.2212604545835375,7.708588424103608
BraTS-MEN-RT-0261-1,r_val,263.89017007855153,79.56274950656197,0.0,847.0,4.0850054975877364e-17,0.999999999874313,-3.3167552866384984,7.3289301018948185
BraTS-MEN-RT-0267-1,r_val,185.28427396361747,65.32220120694598,2.647346019744873,831.8350219726562,0.0,0.9999999998469127,-2.7959395816638937,9.89787141222837
BraTS-MEN-RT-0291-1,r_val,1384.4267109530479,383.62046141086125,4.0,4348.0,-5.0277955799343713e-17,0.9999999999739325,-3.598417836838513,7.725274293426397
BraTS-MEN-RT-0296-1,r_val,401.37245687992663,122.00089059468506,8.0,2001.0,-1.3167649604166811e-16,0.9999999999180333,-3.2243408628430164,13.111605457892
BraTS-MEN-RT-0334-1,r_val,206.23907330477118,78.66924307319425,0.4638461470603943,847.9268798828125,2.2130963768345694e-17,0.9999999998728855,-2.6157011189252133,8.156781245491889
BraTS-MEN-RT-0337-1,r_val,1862.9628051506015,478.8390818212435,24.0,4980.0,1.8426373506446928e-17,0.9999999999791161,-3.8404609709754314,6.509571405343081
BraTS-MEN-RT-0343-1,r_val,73.37669088907545,35.53219087295588,0.0,396.0,1.386967735722921e-16,0.9999999997185651,-2.065076457873946,9.079747155858065
BraTS-MEN-RT-0348-1,r_val,1034.3605382477695,270.07687521122153,0.0,3201.0,1.233858839550939e-16,0.9999999999629736,-3.8298745029559407,8.022306463585686
BraTS-MEN-RT-0364-1,r_val,2148.797320909662,845.6911347619371,2.0,10060.0,5.5006554475751075e-17,0.9999999999881753,-2.5385122684165333,9.354718707349111
BraTS-MEN-RT-0376-1,r_val,871.1665299739738,365.121634341148,-69.0,4450.0,-1.1650679955599107e-16,0.9999999999726118,-2.57494062668932,9.801756821082146
BraTS-MEN-RT-0396-1,r_val,332.6733181552769,147.684376620468,1.9418672323226929,2117.35205078125,4.4961471787274804e-17,0.9999999999322879,-2.2394477904084726,12.084411183801452
BraTS-MEN-RT-0404-1,r_val,78.22553458352074,27.78271542047278,0.0,441.0,-8.258736992919619e-17,0.999999999640064,-2.8156187532958357,13.057559701978558
BraTS-MEN-RT-0417-1,r_val,1965.5505245028965,746.9510069437165,6.0,11032.0,8.725651976275057e-17,0.9999999999866123,-2.623398999747672,12.137943976369645
BraTS-MEN-RT-0428-1,r_val,322.7130089108367,93.2187938017667,3.0,982.0,-1.4617812326333967e-17,0.9999999998927257,-3.429705490036929,7.072468588474095
BraTS-MEN-RT-0435-1,r_val,68.20091270857884,22.316293029009618,0.0,304.0,2.236806152846265e-16,0.9999999995518969,-3.0561040128556023,10.566230102787975
BraTS-MEN-RT-0440-1,r_val,30.444562667746624,11.417174674505864,0.0,129.0,4.412615996779725e-17,0.9999999991241264,-2.666558365710445,8.632208935718745
BraTS-MEN-RT-0444-1,r_val,173.97241717552146,62.21415260034247,2.061542510986328,911.1000366210938,-1.2979989398709705e-16,0.9999999998392649,-2.7632117042763786,11.848230483220183
BraTS-MEN-RT-0464-1,r_val,335.5106522470496,103.99637955861901,4.332470417022705,1518.8944091796875,-1.4102059529379642e-16,0.9999999999038428,-3.1845164533973853,11.379086097433001
BraTS-MEN-RT-0476-1,r_val,310.7089893132191,87.53927500274754,7.0,925.0,2.3067460501235417e-16,0.9999999998857657,-3.4694026112164256,7.017318918820465
BraTS-MEN-RT-0486-1,r_val,77.42973738185813,27.623713150556476,0.0,437.0,-2.3357532240348715e-16,0.999999999637992,-2.8030169923867803,13.01672445439259
BraTS-MEN-RT-0495-1,r_val,334.3650465087818,122.47864036511099,0.3735933303833008,1571.15478515625,1.3121315332431026e-16,0.9999999999183532,-2.7269363225742445,10.098003495626635
BraTS-MEN-RT-0519-1,r_val,1770.6982160673317,528.853242757305,18.0,6531.0,8.42264248251011e-17,0.9999999999810911,-3.314148565859352,9.00117726237938
BraTS-MEN-RT-0525-1,r_val,125.56227940559033,48.31171223204091,1.17170250415802,748.932861328125,5.642387648235426e-17,0.9999999997930109,-2.574749913193668,12.903094363525309
BraTS-MEN-RT-0528-1,r_val,59.510525560157845,18.68689015823479,0.0,271.0,8.786433375820775e-17,0.9999999994648653,-3.1846136529082707,11.317531838408614
BraTS-MEN-RT-0532-1,r_val,319.38247488706355,98.81929088659429,1.0,1259.0,-4.611075840997935e-17,0.9999999998988053,-3.221865609420562,9.508442294897296
BraTS-MEN-RT-0539-1,r_val,347.1919660277046,149.96603238631545,14.0,1219.0,4.436126727992041e-17,0.9999999999333181,-2.221782897790999,5.8133700014705125
BraTS-MEN-RT-0553-1,r_val,917.6654641678477,452.5972376929623,5.0,3613.0,-1.339183230300486e-16,0.9999999999779053,-2.0165069252296814,5.955260685000223
BraTS-MEN-RT-0572-1,r_val,161.9542550796321,53.91296975494438,0.22613325715065002,613.9052734375,-1.0612021749496525e-16,0.9999999998145158,-2.999799909513449,8.382973899014152
BraTS-MEN-RT-0594-1,r_val,1549.6885307899495,600.737673703672,8.0,8460.0,-3.914980452600879e-17,0.9999999999833538,-2.566325699634347,11.503043294241095
BraTS-MEN-RT-0621-1,r_val,189.91396944260896,70.15063748227347,1.449387550354004,806.6143188476562,-1.0975343467978478e-17,0.9999999998574499,-2.6865697679940945,8.79108688745661
BraTS-MEN-RT-0011-1,r_test,2114.6181991112844,536.5973273178439,30.0,6592.0,-2.189607912903723e-16,0.999999999981364,-3.88488367896333,8.344025534352275
BraTS-MEN-RT-0020-1,r_test,339.66670786857685,91.3703644190303,0.7760502696037292,843.4483032226562,-8.800856058583413e-17,0.9999999998905552,-3.708977847649915,5.513621385907676
BraTS-MEN-RT-0022-1,r_test,1775.0921347539988,515.9963896609438,13.0,5204.0,-1.4107852289595173e-16,0.99999999998062,-3.41493113135482,6.645216776482973
BraTS-MEN-RT-0041-1,r_test,310.6486775482367,96.4500803695786,1.797337293624878,1282.677978515625,-2.139949769763894e-16,0.9999999998963196,-3.202188521140984,10.078055893183024
BraTS-MEN-RT-0045-1,r_test,26.770027722712875,9.290440187390162,0.0,114.0,1.1822455770447005e-16,0.9999999989236247,-2.881459559928389,9.389218424955951
BraTS-MEN-RT-0053-1,r_test,342.7511471247121,100.09187383604689,2.1694083213806152,1375.9278564453125,-2.291455567834764e-16,0.9999999999000918,-3.402691204754408,10.322283614249725
BraTS-MEN-RT-0068-1,r_test,745.7906245691438,236.0004057870448,16.0,3086.0,4.893489062008606e-18,0.9999999999576271,-3.0923278377612107,9.916124370749536
BraTS-MEN-RT-0075-1,r_test,269.0492876846212,97.84821523981499,1.915961503982544,1163.939697265625,-2.392059941667687e-16,0.9999999998978009,-2.7300786784779274,9.14569987093041
BraTS-MEN-RT-0086-1,r_test,324.06781382008313,110.95118500060529,0.472219318151474,1271.5345458984375,-1.7504155084886958e-16,0.9999999999098704,-2.916558254614412,8.539491777287378
BraTS-MEN-RT-0087-1,r_test,181.48424330446892,66.81844088847198,1.969036340713501,1038.498779296875,1.936872656607327e-16,0.9999999998503408,-2.686611727988712,12.8260181540992
BraTS-MEN-RT-0092-1,r_test,163.3983098818375,63.313805288353585,0.7870203256607056,883.532958984375,1.4752784932932248e-16,0.9999999998420566,-2.5683385920322395,11.374054137309354
BraTS-MEN-RT-0109-1,r_test,27.511569471382067,8.147049057386067,0.0,103.0,-5.628125429284674e-17,0.9999999987725617,-3.376875386882749,9.265739030689051
BraTS-MEN-RT-0145-1,r_test,299.83329643727404,76.30263355698794,4.0,1030.0,1.7381924256279186e-17,0.9999999998689428,-3.8771046634655777,9.569351271757807
BraTS-MEN-RT-0163-1,r_test,303.90835015257636,86.6422456200223,0.5128846168518066,1426.0391845703125,-2.3674434704002564e-16,0.9999999998845829,-3.5017036242490396,12.951312910441326
BraTS-MEN-RT-0164-1,r_test,30.101174588311522,9.937097592822676,0.0,110.0,-1.1372261834656455e-16,0.9999999989936698,-3.0291716748118835,8.040458955439147
BraTS-MEN-RT-0165-1,r_test,205.43403064842158,77.7112678644011,1.3076425790786743,1053.877685546875,0.0,0.9999999998713186,-2.626728319492318,10.917897469768855
BraTS-MEN-RT-0201-1,r_test,187.81071508560512,75.1891803082662,1.149999976158142,1098.219970703125,8.348296270074495e-17,0.9999999998670022,-2.4825475463269586,12.108248178313339
BraTS-MEN-RT-0214-1,r_test,321.2445292527588,112.91080980038763,1.091489315032959,1280.3817138671875,0.0,0.9999999999114345,-2.835450746260366,8.494644456320156
BraTS-MEN-RT-0219-1,r_test,541.0824236537022,212.0710000187865,14.0,2510.0,1.1323581122871415e-16,0.999999999952846,-2.4854054707251634,9.284237713214145
BraTS-MEN-RT-0233-1,r_test,228.49056536356196,90.20885838626786,1.8337544202804565,1232.7501220703125,-4.747735205326177e-17,0.9999999998891462,-2.512578198779853,11.132604652807569
BraTS-MEN-RT-0237-1,r_test,380.3745661762339,114.44434659209746,5.0,1718.0,-1.8739789740661088e-16,0.9999999999126211,-3.2799747416213068,11.687999220044052
BraTS-MEN-RT-0238-1,r_test,299.27125844391946,88.5265344630742,10.0,1245.0,-2.9826070112680617e-16,0.9999999998870395,-3.26762207699323,10.682997444610564
BraTS-MEN-RT-0246-1,r_test,916.7252643188984,301.7358914889596,1.0,4863.0,-1.8817740716884845e-16,0.9999999999668583,-3.0348569398548193,13.078572509477905
BraTS-MEN-RT-0256-1,r_test,220.542862509386,84.70611638929975,0.9894096851348877,1518.8663330078125,7.952555342310533e-17,0.9999999998819448,-2.591943323068771,15.327387509754368
BraTS-MEN-RT-0262-1,r_test,281.18906055846014,86.17754385425684,2.0,964.0,-1.155575109097586e-16,0.9999999998839605,-3.239696190439435,7.923304712850419
BraTS-MEN-RT-0264-1,r_test,282.56977057400206,110.80963156242393,1.8620585203170776,1741.912109375,6.868425321424472e-17,0.9999999999097552,-2.5332428965817613,13.169814916740231
BraTS-MEN-RT-0287-1,r_test,89.61954560892919,33.48602983001428,0.0,468.0,-3.206195523353235e-17,0.9999999997013679,-2.676326397518702,11.299651114176676
BraTS-MEN-RT-0288-1,r_test,284.7764344476257,104.84303209772618,1.0,977.0,-2.224143355675709e-16,0.9999999999046193,-2.706679010924117,6.60247564035648
BraTS-MEN-RT-0304-1,r_test,74.58210768770071,23.662384257027007,0.0,319.0,6.55281612952913e-17,0.9999999995773883,-3.151926992903635,10.329385642379666
BraTS-MEN-RT-0320-1,r_test,390.3646427957211,122.5520907481868,9.0,1593.0,-7.507953373422171e-17,0.999999999918402,-3.1118575002380773,9.813258588768221
BraTS-MEN-RT-0323-1,r_test,290.96426324917593,87.7556285909997,2.376479387283325,1369.1644287109375,2.2615790327913183e-16,0.9999999998860474,-3.288538734922868,12.2863932792737
BraTS-MEN-RT-0327-1,r_test,1994.4391901607316,696.4404283406773,12.0,8823.0,-9.437347465710199e-17,0.9999999999856414,-2.8465308868636185,9.804946025334555
BraTS-MEN-RT-0349-1,r_test,355.050948241358,131.51992122633848,11.0,1543.0,1.922229972585984e-16,0.9999999999239658,-2.6159607229623094,9.032464744439155
BraTS-MEN-RT-0367-1,r_test,2065.6042065202623,524.0653750428412,14.0,5614.0,2.504565895956674e-16,0.9999999999809184,-3.9147867884105114,6.770902949125298
BraTS-MEN-RT-0371-1,r_test,165.5789685382314,74.98681163676035,0.6999975442886353,796.64990234375,-8.496637688498703e-17,0.9999999998666433,-2.1987729225058477,8.415758984103745
BraTS-MEN-RT-0385-1,r_test,2180.2497525020863,559.3430525336664,1.0,6889.0,-3.7730719326059732e-16,0.9999999999821217,-3.8960879957152197,8.418358333198952
BraTS-MEN-RT-0398-1,r_test,275.24097365624016,108.49999795565991,3.8866899013519287,1905.3262939453125,3.0149953441269926e-17,0.9999999999078342,-2.500961187490266,15.023828118457589
BraTS-MEN-RT-0403-1,r_test,655.459798316153,241.74152763008433,0.0,2356.0,-7.458144092629011e-17,0.9999999999586334,-2.711407529830915,7.034538989989704
BraTS-MEN-RT-0416-1,r_test,1923.0782679379622,436.36235039149216,37.0,4919.0,3.5917263510066254e-17,0.9999999999770832,-4.322275435088757,6.8656742024272335
BraTS-MEN-RT-0501-1,r_test,90.77826822814481,39.55787468819205,0.0,501.0,-2.1547443637332218e-17,0.9999999997472058,-2.294821673832081,10.370166114879874
BraTS-MEN-RT-0502-1,r_test,37.477468677254265,13.053520946229021,0.0,188.0,1.299132186342176e-16,0.999999999233923,-2.871062053136733,11.531182416412927
BraTS-MEN-RT-0514-1,r_test,1880.6359074956201,471.8669447380277,0.0,7096.0,-4.946811365289999e-17,0.9999999999788076,-3.985521614572644,11.052615892154371
BraTS-MEN-RT-0523-1,r_test,74.5165224276228,31.37941033923453,0.0,412.0,-1.3894461380006587e-16,0.9999999996813197,-2.3746947950358974,10.754933691117296
BraTS-MEN-RT-0529-1,r_test,92.68163841211789,30.12675073740741,0.0,530.0,-1.482476502872045e-16,0.9999999996680691,-3.0763901221605754,14.515948475642233
BraTS-MEN-RT-0568-1,r_test,605.4071113144803,240.98583667353566,4.013609409332275,2800.241943359375,-1.5306884151559936e-16,0.9999999999585039,-2.4955553827626074,9.107733725144884
BraTS-MEN-RT-0575-1,r_test,215.75796290573055,86.89629684470606,3.0752060413360596,1154.8172607421875,1.15725321171979e-16,0.9999999998849204,-2.4475468410352197,10.806666472871683
BraTS-MEN-RT-0577-1,r_test,452.65928167404047,129.54066987814878,0.0,2018.0,1.418259574666236e-16,0.9999999999228042,-3.4943410595675224,12.083778165401993
BraTS-MEN-RT-0581-1,r_test,204.54621572049646,75.30541740248302,2.386766195297241,991.0087890625,-2.5245035845604078e-17,0.9999999998672073,-2.684527308545112,10.443638723017497
BraTS-MEN-RT-0592-1,r_test,148.6607054246188,56.143942705902596,0.0,1041.0,-2.211629700081212e-17,0.9999999998218865,-2.6478494069585734,15.893776806712026
BraTS-MEN-RT-0610-1,r_test,224.1578296313955,62.17086880210616,0.46247535943984985,847.827880859375,-1.6270961447614958e-16,0.9999999998391528,-3.5980734795264238,10.03154794430886
